:020000040800F2
:10000000000005241154000839510008415100082E
:1000100049510008515100085951000800000000E2
:100020000000000000000000000000006151000816
:100030006F510008000000007D5100088B5100083E
:1000400065540008655400086554000865540008AC
:10005000655400086554000865540008655400089C
:10006000655400086554000897510008A551000820
:10007000B9510008CD510008E1510008F5510008C0
:10008000095200081D520008655400086554000814
:100090006554000865540008655400083152000892
:1000A000655400086554000865540008655400084C
:1000B0006554000865540008655400084D52000856
:1000C0006152000865540008655400086554000832
:1000D000655400087552000865540008655400080E
:1000E00065540008655400080000000065540008CD
:1000F00065540008655400086554000889520008DA
:1001000065540008655400086554000865540008EB
:100110009D520008B152000865540008655400085B
:1001200065540008655400086554000865540008CB
:1001300065540008655400086554000865540008BB
:1001400000000000000000000000000000000000AF
:10015000655400086554000865540008655400089B
:10016000655400086554000865540008655400088B
:1001700065540008C55200086554000800000000DE
:10018000655400086554000865540008655400086B
:10019000655400086554000865540008655400085B
:1001A000655400086554000865540008000000000C
:1001B000655400086554000865540008655400083B
:1001C00065540008655400080000000000000000AD
:1001D000000000000000000065540008000000005E
:1001E000000000000000000000000000000000000F
:1001F000000000000000000065540008655400087D
:1002000065540008655400080000000065540008AB
:1002100065540008655400086554000865540008DA
:10022000655400080000000065540008000000004C
:10023000655400086554000800000000655400087B
:1002400065540008655400086554000865540008AA
:10025000655400086554000865540008655400089A
:10026000655400086554000865540008655400088A
:10027000655400086554000865540008000000003B
:10028000655400086554000865540008655400086A
:1002900000000000655400086554000800000000DC
:1002A000000000006554000865540008655400080B
:1002B000655400086554000865540008655400083A
:0C02C000655400086554000865540008EF
:1002CC0010B5054C237833B9044B13B10448AFF384
:1002DC0000800123237010BDE80200240000000000
:1002EC003C60010808B5034B1BB103490348AFF34D
:1002FC00008008BD00000000EC0200243C600108F6
:10030C0053B94AB9002908BF00281CBF4FF0FF3170
:10031C004FF0FF3000F088B9ADF1080C6DE904CE58
:10032C0000F006F8DDF804E0DDE9022304B07047C4
:10033C002DE9F047089D8E4604468846002B4AD18D
:10034C008A42174662D9B2FA82F64EB1C6F1200340
:10035C0001FA06F820FA03F3B74043EA0808B44060
:10036C004FEA174E1FFA87FCB8FBFEF1230C0EFB6D
:10037C00118843EA084301FB0CF29A4209D9FB1895
:10038C0001F1FF3080F0EA809A4240F2E7800239B6
:10039C003B449A1AA3B2B2FBFEF00EFB102243EAC6
:1003AC00024300FB0CFC9C4509D9FB1800F1FF3201
:1003BC0080F0D6809C4540F2D3803B44023840EA22
:1003CC000140A3EB0C0300211DB1F3400022C5E951
:1003DC000032BDE8F0878B4205D90DB1C5E90001AB
:1003EC0000210846F5E7B3FA83F1002946D173459D
:1003FC0002D3824200F20581841A6EEB03020120C3
:10040C009046002DE5D0C5E90048E2E7002A00F04F
:10041C009080B2FA82F6002E40F0A4808A1A030C67
:10042C004FEA174E80B2BCB20121B2FBFEFC0EFBB0
:10043C001C2243EA024304FB0CF29A4207D9FB1834
:10044C000CF1FF3802D29A4200F2E080C4469B1AAB
:10045C00B3FBFEF20EFB123340EA034302FB04F43F
:10046C009C4207D9FB1802F1FF3002D29C4200F2E9
:10047C00CA8002461B1B42EA0C40A5E7C1F12006CC
:10048C008B4022FA06F71F430EFA01F420FA06F30A
:10049C002EFA06FE4FEA1749234300FA01F81FFA19
:1004AC0087FCBEFBF9F01C0C09FB10EE44EA0E4471
:1004BC0000FB0CFEA64502FA01F209D93C1900F129
:1004CC00FF3A80F09C80A64540F2998002383C446B
:1004DC00A4EB0E041FFA83FEB4FBF9F309FB1344DF
:1004EC004EEA044403FB0CFCA44508D93C1903F167
:1004FC00FF3E80F08280A4457FD9023B3C4443EA16
:10050C000040A4EB0C04A0FB02EC64457346E146EE
:10051C0062D35FD05DB1B8EB030264EB090404FA5B
:10052C0006F622FA01F31E43CC40C5E90064002113
:10053C004FE7B1FBF2FC010C41EA0E4180B240EAFC
:10054C0001423B4638463C46B846BE462026B1FBE7
:10055C00F7F1A2EB080241EA0C4166E7014618E705
:10056C0010462CE7C6F120022EFA02F3B740B14038
:10057C0020FA02F24FEA174E0A43B3FBFEF8BCB264
:10058C000EFB1833110C41EA034108FB04F9B0408F
:10059C0089454FEA104380B23ED9791808F1FF3CE7
:1005AC0001D289451FD8A1EB0901B1FBFEF909FB6A
:1005BC0004F80EFB191192B242EA0142424529D2CB
:1005CC00BA1809F1FF31C4D24245C2D2A9F10201D5
:1005DC003A44BEE7F0459DD2BEEB02036CEB070C30
:1005EC000138E14696E7A7EB09094944A8F1020C4A
:1005FC00B1FBFEF909FB04F8DBE773467FE75046D5
:10060C0066E70846FDE63B44023A33E7ACF1020CE0
:10061C003B441CE749469CE7A1EB0901C446B1FBEE
:10062C00FEF909FB04F8C4E7704700BF80B487B03B
:10063C0000AF786039604FF6FF73FB8200233B619B
:10064C0027E07A683B6913441B781BB21B021AB271
:10065C00B7F9163053401BB2FB820023FB7312E038
:10066C00B7F91630002B07DAFB8A5B009AB241F21D
:10067C00210353409BB202E0FB8A5B009BB2FB82DE
:10068C00FB7B0133FB73FB7B072BE9D93B69013304
:10069C003B613A693B689A42D3D3FB8A18461C37B4
:1006AC00BD465DF8047B704780B483B000AF7860C2
:1006BC007A68044B13449B0118460C37BD465DF811
:1006CC00047B70470038200080B584B000AF7860A0
:1006DC007B681B680B4A934201D000230DE0242158
:1006EC007868FFF7A3FF0346FB817B689B8CFA8934
:1006FC009A420CBF01230023DBB218461037BD46CB
:10070C0080BD00BF3147464380B586B000AF402264
:10071C000021374815F052FC354B4FF400621A603B
:10072C0000237B615AE07869FFF7BEFF38613B69B3
:10073C001B68B3F1FF3F03D12D4A7B69136052E074
:10074C003869FFF7C1FF034683F00103DBB2002BCE
:10075C0040D13B695A68264B5B689A4203D93B6986
:10076C005B68234A53603B691B7A012B0AD13B69B6
:10077C000933182219461F4815F04CFC1C4B01225A
:10078C001A7228E03B691B7A022B24D13B6903F1D6
:10079C0009013B1D0C22184615F03CFC3B79412B02
:1007AC000AD1134B24333A1D07CA83E80700104BB8
:1007BC00012283F822200EE03B79422B0BD10C4B0B
:1007CC0034333A1D07CA83E80700094B012283F82A
:1007DC00302000E000BF7B6901337B617B69B3F59E
:1007EC00006FA0D300BF00BF1837BD4680BD00BF4F
:1007FC00040300240E030024F0B5A9B000AF034697
:10080C003960FB711346BB7107F1A003983B1F3392
:10081C005B095E01614B1B68B3F5006F09D300F0F7
:10082C00C5F8034683F00103DBB2002B01D0002393
:10083C00B0E007F16C032822FF21184615F0BEFB2F
:10084C00574BFB66554B5B680133544A5360534B13
:10085C005B683B67FB7987F8743007F16C030933ED
:10086C001B220021184615F0A9FBBA7907F16C037D
:10087C0009333968184615F0CDFB07F16C032421B8
:10088C001846FFF7D3FE0346A7F890304022FF210D
:10089C00304615F093FB354607F16C040FCC0FC5B1
:1008AC000FCC0FC594E8030085E803003B4B1A6896
:1008BC003C4B13449B01C7F8943007F0CFFE002348
:1008CC0087F89F300023C7F8983019E0D7F8983094
:1008DC005A01D7F89430D118D7F898305B013344CB
:1008EC001A46012007F04AFE034687F89F3097F816
:1008FC009F30002B09D1D7F898300133C7F89830C6
:10090C00D7F89830012BE1D900E000BF07F0C8FE02
:10091C0097F89F30002B01D000233BE01F4B1B6846
:10092C0001331E4A1360FB79012B09D1BB791A469E
:10093C0039681D4815F06EFB184B01221A7228E01D
:10094C00FB79022B25D1BA7907F160033968184677
:10095C0015F060FB97F86030412B0BD10F4B243313
:10096C0007F1600207CA83E807000C4B012283F8E9
:10097C0022200EE097F86030422B0AD1074B34331B
:10098C0007F1600207CA83E80700044B012283F8D1
:10099C00302001231846A437BD46F0BD04030024C3
:1009AC0031474643003820000E030024B0B594B004
:1009BC0000AF514B1B7A87F84F304F4B07F1340483
:1009CC0003F10A0528686968AA68EB680FC42869EE
:1009DC00696903C4484B93F8223087F84E30464A75
:1009EC0007F12803243207CA83E80700424B93F827
:1009FC00303087F84D30404A07F11C03343207CAB7
:100A0C0083E8070007F1080300221A605A609A6015
:100A1C00DA601A610023BB600123FB6007233B6192
:100A2C0001237B612023BB614FF0FF337B6007F018
:100A3C0015FE3A1D07F108031146184607F09EFEF5
:100A4C00034687F84C3007F02BFE97F84C30002B00
:100A5C0003D17B68B3F1FF3F01D0002347E0264B65
:100A6C0000221A60244B00221A72234B002283F8B6
:100A7C002220214B002283F8302097F84F30002B96
:100A8C000ED007F13403182219460120FFF7B4FEEB
:100A9C00034683F00103DBB2002B01D0002326E0D8
:100AAC0097F84E30002B0ED007F128030C22194674
:100ABC000220FFF7A1FE034683F00103DBB2002BFB
:100ACC0001D0002313E097F84D30002B0ED007F126
:100ADC001C030C2219460220FFF78EFE034683F0FE
:100AEC000103DBB2002B01D0002300E001231846E8
:100AFC005037BD46B0BD00BF0403002490B482B093
:100B0C0000AF03463960FB71FB79412B13D1184BB5
:100B1C0093F8223083F00103DBB2002B01D00023C9
:100B2C0021E03A68124B1446243393E8070084E81A
:100B3C000700012317E0FB79422B13D10C4B93F8E0
:100B4C00303083F00103DBB2002B01D000230AE02C
:100B5C003A68074B1446343393E8070084E80700DF
:100B6C00012300E0002318460837BD4690BC7047AF
:100B7C000403002480B586B000AF03463960FB71D6
:100B8C001346BB71FB79412B04D0FB79422B01D06E
:100B9C0000230DE0FB793B733B683B61BB793B75F4
:100BAC0007F10C030C2219460220FFF725FE034621
:100BBC0018461837BD4680BDB0B483B000AF78601E
:100BCC000E4B1B7A83F00103DBB2002B01D0002308
:100BDC000FE07A68094B0A33186859689D68DC681D
:100BEC00106051609560D460186959691061516149
:100BFC00012318460C37BD46B0BC704704030024D3
:100C0C0080B582B000AF7860182279680120FFF7B8
:100C1C00F3FD034618460837BD4680BD80B582B04B
:100C2C0000AFFF23FB71FB1D012219460320FFF7C8
:100C3C00E3FD034683F00103DBB2002B01D000235C
:100C4C0001E0034B5B6818460837BD4680BD00BF0A
:100C5C000403002480B483B000AF786039607B68F3
:100C6C001B6B3A68D31A40F2F312934294BF0123E0
:100C7C000023DBB218460C37BD465DF8047B704789
:100C8C0080B485B000AF786039604FF6FF73FB819C
:100C9C0023E07B685A1C7A601B781B021AB2B7F9E6
:100CAC000E3053401BB2FB8100237B7312E0B7F96B
:100CBC000E30002B07DAFB895B009AB241F221035C
:100CCC0053409BB202E0FB895B009BB2FB817B7BB8
:100CDC0001337B737B7B072BE9D93B685A1E3A6047
:100CEC00002BD6D1FB8918461437BD465DF8047B22
:100CFC007047F0B486B000AFF860C7E9002300235A
:100D0C00FB751DE097F82820FB7DD31A013BD90019
:100D1C00D7E90023C1F12006A1F1200022FA01F449
:100D2C0003FA06F6344323FA00F0044323FA01F5E0
:100D3C00FB7DFA681344E2B21A70FB7D0133FB753C
:100D4C00FA7D97F828309A42DCD300BF00BF1837E1
:100D5C00BD46F0BC704780B485B000AF78607B684E
:100D6C001B781A067B6801331B781B041A437B68BB
:100D7C0002331B781B0213437A6803321278134335
:100D8C00FB60FB6807EE903AB0EE670A1437BD467D
:100D9C005DF8047B704780B483B000AF78607B68EB
:100DAC001B781A067B6801331B781B041A437B687B
:100DBC0002331B781B0213437A68033212781343F5
:100DCC0018460C37BD465DF8047B704780B483B081
:100DDC0000AF78607B681B781BB21B021AB27B6871
:100DEC0001331B781BB213431BB29BB218460C3752
:100DFC00BD465DF8047B704780B582B000AF002320
:100E0C00FB7110212B4807F03FFF0346002B03D149
:100E1C00FB7943F00103FB712021264807F034FFD6
:100E2C000346002B03D1FB7943F00203FB71012134
:100E3C00214807F029FF0346002B03D1FB7943F02F
:100E4C000403FB7102211C4807F01EFF0346002B14
:100E5C0003D1FB7943F00803FB71184B1B7819463F
:100E6C00174AFB795354154B1B78591C154BA3FB94
:100E7C0001235A0813465B001344CA1AD2B20F4B13
:100E8C001A700F4B5A780E4B19780D4B9B780B43FD
:100E9C00DBB21340DAB20A4B1978094B9B780B4042
:100EAC00DBB21343DAB2084B1A7000BF0837BD46E9
:100EBC0080BD00BF0008025800040258200700241F
:100ECC0024070024ABAAAAAACC0300242DE9B04F16
:100EDC008EB002AF7861744B1B78DBB21A461346A6
:100EEC00DB009B1ADB00714A1344BB62002387F8BA
:100EFC002F30002387F82E307FE097F82E301846DD
:100F0C0002F06CFA386297F82E2013465B001344FB
:100F1C009B000433BA6A1344FB613B6A002B0CD16F
:100F2C000C220021F86915F049F8614BD3F8803098
:100F3C0001335F4AC2F880305AE0FB6903F10A01C1
:100F4C003B6A1B8A9BB2002298469146022300936F
:100F5C0042464B460846FFF7CCFE3B6A1B6B7A6950
:100F6C00D31A952B0CD90A220021F86915F026F812
:100F7C004F4BD3F8803001334D4AC2F8803037E004
:100F8C0097F82E30012202FA03F3DAB297F82F30D9
:100F9C00134387F82F303B6ADB6B1A4600239246CB
:100FAC009B460423009352465B46F869FFF7A1FE6B
:100FBC00FB69191D3B6A9B6B0022BB60FA60042322
:100FCC000093D7E902230846FFF793FEFB6903F170
:100FDC0008013B6AB3F944309BB29BB200223B60E0
:100FEC007A6002230093D7E900230846FFF781FEBD
:100FFC0097F82E30013387F82E3097F82E30032BCC
:10100C007FF67BAFBB6AAB221A70BB6A0133CD2271
:10101C001A70BB6A023301221A7097F82F3003F052
:10102C000F03D9B2234B1B78DBB21B01DAB2BB6ABC
:10103C0003330A43D2B21A70BB6A02333221184608
:10104C00FFF71EFE0346FB84BB6A03F13401FB8CE5
:10105C0000221C4615460223009322462B460846C6
:10106C00FFF747FEBB6A3633E1221A70BB6A37338F
:10107C00E2221A700E4B1B6801330D4A13600A4BA7
:10108C001B78DAB20C4B1A70074B1B78DBB283F06F
:10109C000103DAB2044B1A7000F05CF800BF303771
:1010AC00BD46BDE8B08F00BF4403002400000030F3
:1010BC0048030024CC0300240000002480B582B037
:1010CC0000AF78607B689B7A002B07D07B685868F0
:1010DC007B681B890022194607F0EEFD7B68002215
:1010EC001A7300BF0837BD4680BD80B584B000AF11
:1010FC00786039607B689B7A002B11D07B685868CC
:10110C007B681B890122194607F0D6FD0023FB6082
:10111C0003E000BFFB680133FB60FB68C72BF8DD05
:10112C007B6801221A7304F01FFA02467B681A616D
:10113C007B681B683822396818460EF0FBFB0346A7
:10114C00002B02D07868FFF7B9FF00BF1037BD46FF
:10115C0080BD000080B584B000AF2A4B1B78DBB299
:10116C001A461346DB009B1ADB00274A1344BB606C
:10117C000023FB733EE0FA7B13469B0013449B0059
:10118C00224A13447B607B681B7BDBB2002B0AD0AA
:10119C00FB7B1F491A1D51F8222001321C490433D4
:1011AC0041F8232023E07B68DB7A002B11D0082147
:1011BC00184807F069FD0346012B0AD1FB7B144943
:1011CC001A1D51F8222001321149043341F8232011
:1011DC000DE0B9687868FFF788FFFA7B0C4993003B
:1011EC000B445B68591C0A48930003445960FB7B11
:1011FC000133FB73FB7B022BBDD900BF00BF103743
:10120C00BD4680BD00000024000000300400002416
:10121C00480300240000025880B584B000AF786009
:10122C000023FB7318E0FA7B0E4913469B00134412
:10123C009B000B441B687A689A420AD1FA7B1346CE
:10124C009B0013449B00074A13441846FFF736FFD4
:10125C0005E0FB7B0133FB73FB7B022BE3D91037DF
:10126C00BD4680BD0400002480B584B000AF0346A9
:10127C00FB71FA7913469B0013449B00174A1344E5
:10128C00FB60FB79164A002122F81310FB79154AF2
:10129C00002122F81310FB681B681B6808221A62D5
:1012AC00FB681868FB791B020F4A13444FF48072D9
:1012BC0019460EF0BFFB0346002B0AD0FB790B49F5
:1012CC0003F11C0251F82220013208491C3341F869
:1012DC00232000BF1037BD4680BD00BF0400002492
:1012EC00D403002400070024A0000030480300248D
:1012FC0080B584B000AF78600023FB735AE0FA7BB2
:10130C00304913469B0013449B000B441B687A68BE
:10131C009A424BD17B68D3F89030BB60BB6803F02A
:10132C000F03002B0AD0FB7B274903F11C0251F859
:10133C002220013224491C3341F82320BB6803F0DE
:10134C001003002B24D0FA7B1E4913469B00134438
:10135C009B000B440C331B78DBB2002B18D0FA7BB0
:10136C001949931D9B000B445B68591C1648931D2F
:10137C009B000344596078680EF0A8FBFA7B134677
:10138C009B0013449B000F4A13441846FFF796FE2C
:10139C007B680022C3F890207B68D3F88C30222B1A
:1013AC000CD0FB7B1846FFF75FFF07E000BFFB7B11
:1013BC000133FB73FB7B022BA1D900E000BF10377C
:1013CC00BD4680BD040000244803002480B582B0D3
:1013DC0000AF0023FB7135E0FB791E4A002122F897
:1013EC001310FB791C4A002122F81310FB791B0205
:1013FC001A4A13444FF480720021184614F0DEFD93
:10140C00FA79174913469B0013449B000B44186848
:10141C00FB791B02114A13444FF4807219460EF0EB
:10142C0009FB0346002B0AD0FB790E4903F11C0281
:10143C0051F8222001320B491C3341F82320FB794F
:10144C000133FB71FB79022BC6D900BF00BF0837F3
:10145C00BD4680BDD403002400070024A00000304A
:10146C00040000244803002480B483B000AF03467A
:10147C00FB71FB79883B0B2B2BD801A252F823F084
:10148C00BD140008C1140008DF140008C5140008BE
:10149C00C9140008DF140008DF140008DF1400086A
:1014AC00CD140008D1140008D7140008DB14000870
:1014BC0008230FE014230DE008230BE0082309E0B8
:1014CC00142307E04FF4867304E0082302E008239A
:1014DC0000E0002318460C37BD465DF8047B7047CE
:1014EC0080B483B000AF0346FB71FA798C49134684
:1014FC009B0013449B000B441B68D3F88030002BDB
:10150C0001D1002306E1FA79854913469B00134467
:10151C009B000B441B68D3F880301B68814A9342B4
:10152C0000F0D780FA797E4913469B0013449B0048
:10153C000B441B68D3F880301B687B4A934200F045
:10154C00C880FA79764913469B0013449B000B44E0
:10155C001B68D3F880301B68744A934200F0B98042
:10156C00FA796F4913469B0013449B000B441B688C
:10157C00D3F880301B686E4A934200F0AA80FA7947
:10158C00674913469B0013449B000B441B68D3F81C
:10159C0080301B68674A934200F09B80FA7960495F
:1015AC0013469B0013449B000B441B68D3F88030FC
:1015BC001B68614A934200F08C80FA7958491346B3
:1015CC009B0013449B000B441B68D3F880301B68B2
:1015DC005A4A93427DD0FA79514913469B001344E1
:1015EC009B000B441B68D3F880301B68544A934211
:1015FC006FD0FA794A4913469B0013449B000B4465
:10160C001B68D3F880301B684E4A934261D0FA793C
:10161C00434913469B0013449B000B441B68D3F8AF
:10162C0080301B68484A934253D0FA793C491346A0
:10163C009B0013449B000B441B68D3F880301B6841
:10164C00424A934245D0FA79354913469B001344DC
:10165C009B000B441B68D3F880301B683C4A9342B8
:10166C0037D0FA792E4913469B0013449B000B4448
:10167C001B68D3F880301B68364A934229D0FA791C
:10168C00274913469B0013449B000B441B68D3F85B
:10169C0080301B68304A93421BD0FA79204913469C
:1016AC009B0013449B000B441B68D3F880301B68D1
:1016BC002A4A93420DD0FA79194913469B001344D8
:1016CC009B000B441B68D3F880301B68244A934260
:1016DC0010D1FA79124913469B0013449B000B441A
:1016EC001B68D3F880301B685B689BB2C3F58073B2
:1016FC009BB20FE0FA790A4913469B0013449B00F6
:10170C000B441B68D3F880301B685B689BB2C3F535
:10171C0080739BB218460C37BD465DF8047B70474E
:10172C000400002410000240280002404000024047
:10173C00580002407000024088000240A0000240A5
:10174C00B800024010040240280402404004024049
:10175C00580402407004024088040240A004024075
:10176C00B804024080B58EB000AF03463960FB71FF
:10177C001346BB80BB88043BFB86FB8E3A68134444
:10178C001B781BB21B021AB2FB8E013339680B4457
:10179C001B781BB213431BB2BB863B689A1CFB8E97
:1017AC00023B19461046FFF76BFA03467B86BA8E4E
:1017BC007B8E9A420ED0FA798B4902F112039B0070
:1017CC000B445B68591C884802F112039B000344CC
:1017DC00596005E1FB79844903F1100251F822208C
:1017EC0001328149103341F8232003F0BDFE03463A
:1017FC007E4A13603B6802331B78883B0B2B00F24C
:10180C00E28001A252F823F045180008771800086E
:10181C00D3190008EF180008D1180008D3190008D4
:10182C00D3190008D3190008F51800083D19000851
:10183C0085190008A91900083B6803331B78002B95
:10184C0014BF01230023DBB2184603F0A7F80346AC
:10185C0083F00103DBB2002B00F0C180F879002388
:10186C000422FF2100F0CEFBB9E0614AFB795370F2
:10187C003B6803331A785E4B9A705D4B0022DA702A
:10188C003B6804331846FFF766FAF0EE407A584B83
:10189C00C3ED017A3B6808331846FFF75CFAF0EEAB
:1018AC00407A534BC3ED027A3B680C331846FFF772
:1018BC0052FAF0EE407A4E4BC3ED037A4C4B0122B8
:1018CC001A708DE04A4AFB7953703B6803331A78DF
:1018DC00474B9A70464B0122DA70454B01221A7025
:1018EC007EE003F07BF87BE000237B613B680433F4
:1018FC001846FFF750FA78623B6808331846FFF732
:10190C004AFA38623B680C331846FFF744FAF86120
:10191C0007F11403FA69396A786A00F069FE034624
:10192C00FB76F8797B69FA7E902100F0DFFB57E0BB
:10193C0000233B613B6804331846FFF747FA034624
:10194C00FB853B6806331846FFF740FA0346BB8518
:10195C003B6803F1080207F11003B98DF88D00F014
:10196C0097FE034687F82B30F8793B6997F82B20C4
:10197C00912100F0BBFB33E00023FB6007F10C036B
:10198C00184600F017FF034687F83130F879FB68EA
:10199C0097F83120922100F0A9FB21E000F0DEFF46
:1019AC000346002B08D0F87900230022932100F085
:1019BC009DFB00F0E3FF13E0F8790023062293214E
:1019CC0000F094FB0CE0FB79074903F1160251F887
:1019DC00222001320449163341F8232000E000BFD5
:1019EC003837BD4680BD00BF48030024D003002417
:1019FC001007002490B585B000AF03460A46FB7172
:101A0C001346BB71FB79714A32F81330FB81FB89A9
:101A1C00022B36D0022B65DC002B02D0012B13D00D
:101A2C0060E0BB79AB2B40F0C980FB79684A4FF47E
:101A3C00867101FB03F31344BA791A70FB79634A7C
:101A4C00012122F81310B9E0BB79CD2B0FD1FB7912
:101A5C005F4A4FF4867101FB03F313440133BA79E7
:101A6C001A70FB79594A022122F81310A8E0BB79AD
:101A7C00AB2B00F0A580FB79544A002122F81310FF
:101A8C009EE0FC79BB791846FFF7EEFC03461A463C
:101A9C00504B23F81420FB794E4A32F81330002BAC
:101AAC0010D1FB794C4903F1160251F82220013276
:101ABC004949163341F82320FB79444A002122F886
:101ACC00131080E0FB79424A4FF4867101FB03F35B
:101ADC0013440233BA791A70FB793C4A032122F879
:101AEC00131070E0FB89B3F5867F10D3FB79374A6E
:101AFC00002122F81310FB79374903F1160251F833
:101B0C00222001323449163341F823205BE0FA7964
:101B1C00FB892F494FF4867000FB02F20A441344F0
:101B2C00BA791A70FB79FA89013291B2274A22F8F4
:101B3C00131000BFFB79274A32F81330BB81FB79B5
:101B4C00224A32F81330BA899A423BD8FB791F4AA1
:101B5C00002122F81310FA79BB89023B1C494FF47F
:101B6C00867000FB02F20A4413441B78E12B19D156
:101B7C00FA79BB89013B16494FF4867000FB02F2DF
:101B8C000A4413441B78E22B0CD1FB794FF4867278
:101B9C0002FB03F30E4A9918BA89FB791846FFF732
:101BAC00E1FD10E0FB790C4903F1160251F82220FB
:101BBC0001320949163341F8232004E000BF02E04A
:101BCC0000BF00E000BF1437BD4690BD00070024E5
:101BDC00DC030024080700244803002480B582B0ED
:101BEC0000AF0023FB714DE0FB791846FFF778FC42
:101BFC0003467B80FB79274A32F81330BB807A8806
:101C0C00BB88D31A9BB2DBB23B803B88F82B2DD917
:101C1C00FA79214902F118039B000B445B68591CAB
:101C2C001D4802F118039B00034459601EE0FA7929
:101C3C00BB881A4912020A4413441A78FB791146DC
:101C4C001846FFF7D7FEBB8801339BB2DBB2BB80D3
:101C5C00FA79114902F10C039B000B445B68591C87
:101C6C000D4802F10C039B0003445960BA887B8831
:101C7C009A42DCD1FB790749BA8821F81320FB7909
:101C8C000133FB71FB79022BAED900BF00BF0837C3
:101C9C00BD4680BDD403002448030024A0000030BE
:101CAC0080B582B000AF70220021234814F086F971
:101CBC0084220021214814F081F9214B00221A7052
:101CCC00204B01221A700023FB7111E0FB7918469E
:101CDC0001F084FB38603B68002B06D003F044FC19
:101CEC000346A3F196023B681A63FB790133FB713F
:101CFC00FB79032BEAD900224FF40071124806F04D
:101D0C00DBFF00224FF48061104806F0D5FF002263
:101D1C0040210D4806F0D0FF002204210B4806F0AC
:101D2C00CBFF002204210A4806F0C6FFFFF74EFB4A
:101D3C0000BF0837BD4680BD0000003048030024BA
:101D4C004403002400000024000802580004025838
:101D5C000000025880B500AF01F092F90346032B46
:101D6C0004D1034BDB6F0133014AD36700BF80BD45
:101D7C004803002480B582B000AF786001F0F2F91E
:101D8C000346022B06D1002001F0F8F97868FFF722
:101D9C009DF800E000BF0837BD4680BD80B584B01B
:101DAC0000AF78600023FB7334E0FA7B13469B0092
:101DBC0013449B001B4A1344BB60BB681B7BDBB208
:101DCC0083F00103DBB2002B1ED1BB681B697A6860
:101DDC00D31A312B1AD9FB7B134903F10A0251F8A0
:101DEC002220013210490A3341F82320BB681B68BA
:101DFC0018460DF06BFEBB681B680022C3F89020E0
:101E0C00B868FFF75BF902E000BF00E000BFFB7BA6
:101E1C000133FB73FB7B022BC7D900BF00BF10370C
:101E2C00BD4680BD040000244803002480B483B068
:101E3C0000AF0023FB7110E0FA79144913469B00A4
:101E4C0013449B000B440C331B78DBB2002B01D0EA
:101E5C00002315E0FB790133FB71FB79022BEBD9E5
:101E6C000B4B1B78DBB21B010A4A13443B60084B3B
:101E7C001B78DBB283F00103DAB2054B1A703B68B6
:101E8C0018460C37BD465DF8047B704704000024EF
:101E9C004503002480000030F0B585B002AF7860B7
:101EAC007B6803F10C067B6802330A211846FEF7A7
:101EBC00E7FE03469BB200221C4615460223009304
:101ECC0022462B463046FEF714FF7B680E33E12288
:101EDC001A707B680F33E2221A7000BF0C37BD46B4
:101EEC00F0BD000080B588B000AFF8600B467A609A
:101EFC00FB720023FB770023BB7774E07B68002B1D
:101F0C0004DB7B68DBB2BA7F9A4268D1BA7F134696
:101F1C009B0013449B00384A1344BB61BB691B7B79
:101F2C00DBB2002B0AD0BB7F34491A1D51F822209A
:101F3C0001323249043341F8232051E0BB69DB7A8A
:101F4C00002B11D008212E4806F09EFE0346012BD3
:101F5C000AD1BB7F29491A1D51F822200132274989
:101F6C00043341F823203BE0BB699B7A002B11D052
:101F7C00BB695868BB691B890122194606F09CFE97
:101F8C0000237B6103E000BF7B6901337B617B69CC
:101F9C00C72BF8DDBB6901221A7303F0E5FA024680
:101FAC00BB691A61BB691B68FA7A92B2F968184668
:101FBC000DF0C0FC0346002B03D0B869FFF77EF888
:101FCC000EE0BA7F0D4993000B445B68591C0B481B
:101FDC00930003445960FB7F0133FB7700E000BFA3
:101FEC00BB7F0133BB77BB7F022B87D9FB7F1846A6
:101FFC002037BD4680BD00BF0400002448030024E8
:10200C00000002582DE9B04F86B002AF3B6003468A
:10201C00FB710B46BB7113467B71FFF707FFF86032
:10202C00FB68002B01D100235BE010220021F86833
:10203C0013F0C4FFFB68AB221A70FB680133CD228E
:10204C001A70FB6802338A221A70FB680333BA7960
:10205C001A70FB6804337A791A703B68002B31D004
:10206C00FB68991D3B68B3F848309BB200229A4636
:10207C0093460223009352465B460846FEF739FE10
:10208C00FB6803F108013B68B3F84C309BB20022AB
:10209C00984691460223009342464B460846FEF76B
:1020AC0028FEFB6803F10A013B68B3F84E309BB283
:1020BC0000221C4615460223009322462B46084656
:1020CC00FEF717FEF868FFF7E7FEFB791A461021BA
:1020DC00F868FFF707FF0346002B14BF012300230A
:1020EC00DBB218461037BD46BDE8B08FB0B588B02E
:1020FC0002AFF8607B600B46FB721346BB72FFF7B6
:10210C0095FE78617B69002B01D1002336E010220B
:10211C000021786913F052FF7B69AB221A707B693E
:10212C000133CD221A707B69023394221A707B69B9
:10213C00033301221A707B690433FA7A1A707B69B3
:10214C000533BA7A1A707B69991D7B6800221C468C
:10215C0015460423009322462B460846FEF7C9FD7C
:10216C007869FFF799FEFA6810217869FFF7BAFED3
:10217C000346002B14BF01230023DBB2184618378B
:10218C00BD46B0BD80B588B000AF0023FB7733E00F
:10219C00FB7F184601F022F9B861BB69002B03D014
:1021AC00BB69B3F8482000E00022FB7F5B002033C2
:1021BC003B4423F8202CBB69002B03D0BB69B3F83C
:1021CC004C2000E00022FB7F04335B0020333B44B7
:1021DC0023F8202CBB69002B03D0BB69B3F84E202D
:1021EC0000E00022FB7F08335B0020333B4423F8E4
:1021FC00202CFB7F0133FB77FB7F032BC8D93B469D
:10220C001846FEF7FDFC00BF2037BD4680BD000020
:10221C0090B587B000AF324B1B78DBB283F0010373
:10222C00DBB2002B55D100F09DFF0346002B52D1A1
:10223C002B4B3C460FCB84E80F00BB78032B05D807
:10224C00BB78184601F0CAF8034600E000233B6156
:10225C003B69002B07D1BB78032B01D8032300E08B
:10226C000223FB7528E0FB78002B0AD0386901F0BB
:10227C00D7F90346002B14BF01230023DBB2FB75F7
:10228C001AE0D7ED017A97ED027AD7ED036AB0EE3A
:10229C00661AF0EE470AB0EE670A386901F0F2F9F7
:1022AC000346002B14BF01230023DBB2FB75FB7D1F
:1022BC00002B01D1FFF766FF7878B978FA7D3B697E
:1022CC00FFF7A0FE0346002B06D0054B00221A7028
:1022DC0002E000BF00E000BF1C37BD4690BD00BF50
:1022EC001007002480B400AF034B1B78DBB21846F8
:1022FC00BD465DF8047B7047CC03002480B483B0EA
:10230C0000AF78600B4B1B68002B01D100230AE057
:10231C00084B1B687A68D31A40F6B732934294BFC5
:10232C0001230023DBB218460C37BD465DF8047B55
:10233C00704700BFD003002490B587B000AF786021
:10234C0002F06CFB03461B01DCB202F073FB03468C
:10235C0003F00F03DBB223433B75564B1B687A68C3
:10236C00D31A40F2E73293428CBF01230023FB7453
:10237C00514B1B783A7D9A4214BF01230023BB7446
:10238C00FB7C83F00103DBB2002B06D0BB7C83F01B
:10239C000103DBB2002B40F08680FFF747FDF860AD
:1023AC00FB68002B00F081800023FB750023BB75BC
:1023BC0000237B7527E07B7D184601F00FF8B86091
:1023CC00BB68002B1BD07968B868FEF743FC03464A
:1023DC00002B07D07B7D012202FA03F3DAB2FB7DDE
:1023EC001343FB75BB681B7E002B09D07B7D012240
:1023FC0002FA03F3DAB2BB7D1343BB7500E000BFF6
:10240C007B7D01337B757B7D032BD4D9102200217E
:10241C00F86813F0D3FDFB68AB221A70FB6801332C
:10242C00CD221A70FB68023303221A70FB68033347
:10243C003A7D1A70FB681C1D02F008FB03462370E2
:10244C00FB6805331D4A1278D2B21A70FB6806334A
:10245C00FA7D1A70FB680733BA7D1A7002F002FB22
:10246C000346002B01D0012200E00022FB68083358
:10247C001A70FB6803F1090402F000FB0346237099
:10248C00F868FFF709FD4FF0FF321021F868FFF7ED
:10249C0029FD0346002B09D0064A7B681360064AC7
:1024AC003B7D137002E000BF00E000BF1C37BD464F
:1024BC0090BD00BF2807002440000024CC0300245A
:1024CC0080B582B000AF00F087F80346FB71FB7952
:1024DC00022B0AD1084B1B78012B06D100230022BA
:1024EC0090214FF0FF30FFF701FE034AFB79137088
:1024FC0000BF0837BD4680BD2C07002480B487B0D0
:10250C0000AFF860B9607A6000237B611DE0BA68A7
:10251C007B6913441B781A46FB685340FB6000230D
:10252C00FB740CE0FB6803F001035A420C4B1340A4
:10253C00FA6852085340FB60FB7C0133FB74FB7C54
:10254C00072BEFD97B6901337B617A697B689A42EF
:10255C00DDD3FB6818461C37BD465DF8047B70471D
:10256C002083B8ED80B483B000AF78607B68DB4328
:10257C0018460C37BD465DF8047B704780B400AF3D
:10258C00BFF34F8F00BF064BDB6803F4E0620449D6
:10259C00044B1343CB60BFF34F8F00BF00BFFDE76D
:1025AC0000ED00E00400FA0580B400AF00BFBD46AA
:1025BC005DF8047B7047000080B400AF054B00222F
:1025CC001A70044B00229A7700BFBD465DF8047B5D
:1025DC00704700BF3007002480B400AF034B1B785A
:1025EC001846BD465DF8047B704700BF30070024D9
:1025FC0080B584B000AFF860B9607A603B603B682E
:10260C00002B02D03B6800221A6002F007FA034646
:10261C00012B01D0012332E01B4B1B78002B01D086
:10262C0005232CE0FB68002B03D0FB68174A934270
:10263C0007D93B68002B02D03B68144A1A6002236E
:10264C001DE0114AFB6853600F4ABB6893600E4A49
:10265C007B68D3600C4B4FF0FF321A610A4B00229F
:10266C005A61094B4FF0FF329A61074B00221A77DF
:10267C00054B03225A77044B01221A70002318468B
:10268C001037BD4680BD00BF3007002400FC05009C
:10269C0080B58AB000AFBA607B600346FB810B4605
:1026AC00BB817B68002B02D07B6800221A603E4BFA
:1026BC001B78022B01D0052371E0FA893A4B9B69F8
:1026CC0001339A420BD07B68002B06D0364B9B69AA
:1026DC0023EAE3731A467B681A6003235FE0BB8925
:1026EC00B3F5807F01D9022359E0FA892F4B1344AB
:1026FC001B02FB61FB6903F580732D4A934201D9E0
:10270C0002234CE005F0AAFF002387F827300023B2
:10271C003B6218E03B6A5B01FA691344BB613B6A9C
:10272C005B01BA6813447B617A69B969012005F0D1
:10273C0025FF034687F8273097F82730002B06D162
:10274C003B6A01333B623B6A072BE3D900E000BFD5
:10275C0005F0A6FF97F82730002B04D0124B00226F
:10276C001A7004231BE0104B1B69BA89B968184610
:10277C00FFF7C4FE03460C4A13610B4B5A69BB8925
:10278C001344094A5361FB89074A93617B68002B08
:10279C0004D0054B9B691A467B681A6000231846C7
:1027AC002837BD4680BD00BF300700240408080050
:1027BC0000000E0880B5ADF5846D00AF07F584639D
:1027CC00A3F21C43186007F58463A3F21C431B6837
:1027DC00002B06D007F58463A3F21C431B68002270
:1027EC001A605B4B1B78022B01D00523AAE0584BD7
:1027FC001B691846FFF7B6FEC7F81404544B5A6908
:10280C00534B5B689A4205D1514B9B68D7F8142403
:10281C009A4213D04E4B00221A7007F58463A3F230
:10282C001C431B68002B07D007F58463A3F21C43E1
:10283C001B68D7F814241A60042383E007F584631B
:10284C00A3F58363434A1A60414BDA6807F5846346
:10285C00A3F583635A603E4B5A6807F58463A3F56E
:10286C0083639A603A4B9A6807F58463A3F5836394
:10287C00DA60FEF7D3F9024607F58463A3F58363A8
:10288C001A6107F1080314334FF47B72FF211846C9
:10289C0013F094FB05F0E2FE002387F81F340023AD
:1028AC00C7F8183421E0D7F818242B4B13445B01DC
:1028BC00C7F81034D7F818345B0107F10802134439
:1028CC00C7F80C34D7F80C24D7F81014012005F0F5
:1028DC0055FE034687F81F3497F81F34002B09D197
:1028EC00D7F818340133C7F81834D7F818341F2B1D
:1028FC00D9D900E000BF05F0D3FE97F81F34002BA8
:10290C0004D0134B00221A7004231BE0104B03223B
:10291C001A70422387F80B3497F80B3400220021ED
:10292C001846FEF727F907F58463A3F21C431B68CE
:10293C00002B06D007F58463A3F21C431B6801220D
:10294C001A600023184607F58467BD4680BD00BF9A
:10295C0030070024474D49500040400080B400AF80
:10296C00054B1B78032B0CBF01230023DBB218464D
:10297C00BD465DF8047B70473007002480B500AF7E
:10298C00054B01229A7702F0EFFD03463233024ADF
:10299C00136200BF80BD00BF3007002480B58AB031
:1029AC0000AF78602E4B9B7F002B07D02C4B1B6A03
:1029BC007A68D31A002B4CDBFFF7E0FD284B1B7811
:1029CC00012B48D1264B1A7F254B5B7F9A4203D3B0
:1029DC00234B02221A703FE0214B1B7F04337B6296
:1029EC0007F10C0300221A605A609A60DA601A61CF
:1029FC000023FB6001233B617B6A7B610123BB618C
:102A0C002023FB614FF0FF33BB6005F027FE07F17D
:102A1C00080207F10C031146184605F0AFFE0346F9
:102A2C0087F8233005F03CFE97F82330002B03D1B8
:102A3C00BB68B3F1FF3F03D0094B00221A700BE0C7
:102A4C00074B1B7F0133DAB2054B1A77FFF7ACFD4E
:102A5C0002E000BF00E000BF2837BD4680BD00BFCC
:102A6C003007002480B485B000AF78607B681B7899
:102A7C001A047B6801331B781B0213437A680232F9
:102A8C0012781343FB60FB681B11FB60FB6803F4BB
:102A9C000023002B03D0FA68044B1343FB60FB6844
:102AAC0018461437BD465DF8047B70470000F0FFF4
:102ABC0080B485B000AF78607B681B781A047B68A3
:102ACC0001331B781B0213437A68023212781343CA
:102ADC00FB60FB681B09C3F3130318461437BD4690
:102AEC005DF8047B7047000080B584B000AFF860DF
:102AFC000B467A60FB72FB7A013B062B6FD801A266
:102B0C0052F823F02D2B0008EB2B0008EB2B0008C0
:102B1C00EB2B0008612B0008B12B0008892B000857
:102B2C007B681B781BB21B021AB27B6801331B78C3
:102B3C001BB213431BB29AB2FB689A81FB689B8948
:102B4C004FF66A3293420CBF01230023DAB2FB68C2
:102B5C001A7645E07868FFF7ABFF0246FB689A638C
:102B6C00FB689B6B07EE903AF8EE677A9FED1E7A46
:102B7C0067EE877AFB68C3ED077A31E07868FFF778
:102B8C0071FF0246FB68DA63FB68DB6B07EE903A79
:102B9C00F8EEE77A9FED157A67EE877AFB68C3ED5E
:102BAC00097A1DE07B681B781BB21B021AB27B688A
:102BBC0001331B781BB213431AB2FB68A3F84420F1
:102BCC00FB68B3F9443007EE903AF8EEE77A9FEDE4
:102BDC00087A67EE877AFB68C3ED0B7A00E000BFDA
:102BEC0000BF1037BD4680BDCDCC4C390AD7A338B9
:102BFC000000003C90B58BB004AFF8607A601A46C8
:102C0C000B46FB721346BB7200237B6119E0134B1E
:102C1C001868FB681B785B0099B2FB7A9AB2BB7A96
:102C2C009BB20524029401937B680093012306F068
:102C3C0027FA0346002B01D100230BE07B690133FB
:102C4C007B617B69022BE2D9FB685B695A1CFB68D0
:102C5C005A61012318461C37BD4690BD5407002409
:102C6C0080B588B004AF78600B46FB7013463B8090
:102C7C003B881B0A9BB2DBB23B723B88DBB27B729C
:102C8C000023FB6019E0134B18687B681B785B0012
:102C9C0099B2FB789AB2052302930223019307F1B0
:102CAC0008030093012306F0D7F80346002B01D14B
:102CBC0000230BE0FB680133FB60FB68022BE2D9BD
:102CCC007B685B695A1C7B685A6101231846103774
:102CDC00BD4680BD5407002480B586B000AFF860B7
:102CEC000B467A60FB7207F11402F97A0223F8683A
:102CFC00FFF780FF0346FB75FB7D002B0AD13B7D64
:102D0C001BB21B021AB27B7D1BB213431BB29AB2CD
:102D1C007B681A80FB7D18461837BD4680BD0000C5
:102D2C0080B582B000AF786039607B68002B02D030
:102D3C003B68002B01D1042317E0242200210D480D
:102D4C0013F03CF90B4A7B6813600A4A3B685360EA
:102D5C00084B094ADA60074B04221A74054B00220F
:102D6C005A72044B01221A72002318460837BD46CA
:102D7C0080BD00BF5407002468600108B0B58AB05C
:102D8C0000AF78604B4B1B7A83F00103DBB2002B56
:102D9C0002D17B68002B01D1042387E0454B5B7A81
:102DAC00DBB2012B01D1032380E07B6800221A7671
:102DBC0007F120031A463E217868FFF78DFF034682
:102DCC0087F8233097F82330002B02D097F8233064
:102DDC006CE03B8C45F24942934201D0022365E002
:102DEC004FF4004200217868FFF73AFF034687F85A
:102DFC00233097F82330002B02D097F8233055E07E
:102E0C00022002F0BDFB2C4B07F10C041D460FCD2C
:102E1C000FC42B68236000237B621CE07B6A9B0041
:102E2C0028333B4413F81C1C7B6A9B0028333B441F
:102E3C0033F81A3C1A467868FFF712FF034687F8F6
:102E4C00233097F82330002B02D097F823302DE055
:102E5C007B6A01337B627B6A042BDFD97B680E3380
:102E6C001A460B217868FFF737FF034687F82330A3
:102E7C0097F82330002B02D097F8233016E07B68AC
:102E8C00DB8903F00103002B06D17B681B8A43F01E
:102E9C0001039AB27B681A82786800F0F0FA7B68BA
:102EAC0000229A727B6801221A7600231846283772
:102EBC00BD46B0BD540700245460010880B582B0F3
:102ECC0000AF0023FB71164B1B7A83F00103DBB2BE
:102EDC00002B01D004231EE00023BB7112E0104B29
:102EEC005A68BB79682101FB03F313441846FFF7BA
:102EFC0045FF0346002B02D1FB790133FB71BB79F3
:102F0C000133BB71BB79032BE9D9FB79002B0CBFC7
:102F1C0001230023DBB218460837BD4680BD00BF35
:102F2C005407002480B500AF02F01EFB0346064A8E
:102F3C001362054B9B690133034A9361024B0222D6
:102F4C005A7200BF80BD00BF5407002480B584B006
:102F5C0002AF40E0264BDA68254BDB7ADBB25B0034
:102F6C0013447B6002F000FB0346214A5361204B63
:102F7C0018681F4B5A681E4B9B7ADBB219466823A4
:102F8C0001FB03F313441B785B0099B27B681B783D
:102F9C001A467B685B780193164B0093012306F06D
:102FAC0089F90346002B1ED0114B5A68104B9B7AA3
:102FBC00DBB21946682301FB03F313445A6901324F
:102FCC005A610B4B0022DA72094B9B7ADBB201334C
:102FDC00DAB2074B9A72064B9B7ADBB2032BB9D948
:102FEC00FFF7A0FF00E000BF0837BD4680BD00BF63
:102FFC0054070024A003003090B583B000AF034603
:10300C00FB71FB79002B1DD01C4BDB7ADBB201333F
:10301C00DBB21A4A1946D172184A127C934202D278
:10302C00FFF794FF27E0154B5A68144B9B7ADBB2E1
:10303C001946682301FB03F3D41802F095FA0346F2
:10304C0023630CE00D4B5A680C4B9B7ADBB2194690
:10305C00682301FB03F313445A6901325A61074B8D
:10306C000022DA72054B9B7ADBB20133DAB2034BE6
:10307C009A72FFF76BFF0C37BD4690BD54070024C6
:10308C0080B500AF114B1B7A83F00103DBB2002B30
:10309C0001D0042318E00D4B5B7ADBB2012B01D17C
:1030AC00032311E0094B0A4ADA60084B04221A7414
:1030BC00064B00229A72054B0022DA72034B012256
:1030CC005A72FFF743FF0023184680BD54070024B3
:1030DC006860010880B582B000AF7860134B1B6844
:1030EC007A689A421ED1114B5B7ADBB2012B19D153
:1030FC000E4B5A680D4B9B7ADBB21946682301FBC9
:10310C0003F3D018094BDA68084BDB7ADBB25B00AF
:10311C0013441B78064A1946FFF7E6FC0120FFF71B
:10312C006BFF00E000BF0837BD4680BD540700248C
:10313C00A003003080B582B000AF7860084B1B68EC
:10314C007A689A4208D1064B5B7ADBB2012B03D129
:10315C000020FFF751FF00E000BF0837BD4680BDDF
:10316C005407002480B400AF034B5B7ADBB21846E3
:10317C00BD465DF8047B704754070024B0B485B09D
:10318C0000AF7860184B5B7ADBB2022B27D17B68DF
:10319C00002B20D00023FB731AE0134B5A68FB7BE7
:1031AC00682101FB03F3D118FA7B13465B0013442F
:1031BC00DB001A467B6813441D4601F11C040FCC3E
:1031CC000FC594E8030085E80300FB7B0133FB7318
:1031DC00FB7B032BE1D9044B00225A7200E000BFA9
:1031EC001437BD46B0BC70475407002480B582B07C
:1031FC0000AF7860194B5B7ADBB2012B28D1174BEF
:10320C005B697A68D31A0A2B24D972B600BF134BA8
:10321C0000225A7262B600BF104B18680F4B5A68E6
:10322C000E4B9B7ADBB21946682301FB03F3134464
:10323C001B785B009BB2194606F022F9074B1B6802
:10324C0000225A64054BDB690133044AD36102E066
:10325C0000BF00E000BF0837BD4680BD5407002406
:10326C0080B485B000AF0346FB80164B1B7A83F00D
:10327C000103DBB2002B1ED10023FB7317E0114BB3
:10328C005A68FB7B682101FB03F313441B89FA8802
:10329C009A4209D10B4B5A68FB7B682101FB03F363
:1032AC00134401229A7207E0FB7B0133FB73FB7B17
:1032BC00032BE4D900E000BF1437BD465DF8047B56
:1032CC00704700BF5407002480B586B000AF0023C0
:1032DC00FB7502F049F938613F4B5B7ADBB2012B8D
:1032EC0001D1032373E00023BB756CE03A4B5A68A1
:1032FC00BB7D682101FB03F31344FB60FB681B6E71
:10330C003A69D31AF92B8CBF01230023FB72FB689B
:10331C009B7ADBB283F00103DBB2002B05D0FB7A86
:10332C0083F00103DBB2002B47D1FB681B6E3A69BB
:10333C00D31A132B43D9FB683A691A66FB6800222F
:10334C009A72FB680E331A460B21F868FFF7C4FC1F
:10335C000346002B05D0FB6801229A720123FB75F2
:10336C002EE0FB68DB8903F0FC033B81FB681B8AC6
:10337C001BB2DB431AB2B7F9083013401BB2FB8007
:10338C00FB681A8A3B8913439AB2FB681A82FB8842
:10339C00002B03D0FB68012283F86420FB685A6879
:1033AC00FB681B891946104605F06EFC0346002B82
:1033BC0006D1FB6801229A7202E000BF00E000BF58
:1033CC00BB7D0133BB75BB7D032B8FD9FB7D1846B1
:1033DC001837BD4680BD00BF5407002480B483B0AD
:1033EC0000AF0346FB710C4B1B7A83F00103DBB27D
:1033FC00002B02D1FB79032B01D9002306E0064BED
:10340C005A68FB79682101FB03F3134418460C3707
:10341C00BD465DF8047B70475407002480B582B02C
:10342C0000AF78607868FFF755FE00BF0837BD46DF
:10343C0080BD80B582B000AF78607868FFF77AFE07
:10344C0000BF0837BD4680BD80B582B000AF0346D3
:10345C00FB80FB88102B08D0FB88802B05D0FB88C9
:10346C00402B02D0FB88202B05D101F083F8FB8880
:10347C001846FFF7F5FE00BF0837BD4680BD80B586
:10348C0084B000AF78607B6893F85C3083F0010304
:10349C00DBB2002B01D0002326E07B68B3F8483068
:1034AC001A460C217868FFF7DBFB0346FB73FB7BAA
:1034BC00002B01D0FB7B17E07B68B3F84C301A462D
:1034CC000E217868FFF7CCFB0346FB73FB7B002BCC
:1034DC0001D0FB7B08E07B68B3F84E301A460F2115
:1034EC007868FFF7BDFB034618461037BD4680BD14
:1034FC0080B485B000AF87ED010AD7ED017AF0EE0C
:10350C00E77A9FED1D7AF4EE477AF1EE10FA06D8C1
:10351C00D7ED017AF5EEC07AF1EE10FA02D847F643
:10352C00FF7322E0D7ED017A9FED147A27EE877AAC
:10353C00DFED136AC7EE267AC7ED037AD7ED037A6F
:10354C009FED107AF4EEC77AF1EE10FA01DD0E4B16
:10355C00FB60D7ED037AB6EE007A77EE877AFDEE54
:10356C00E77A17EE903A1BB29BB218461437BD4659
:10357C005DF8047B704700BFFFFF7F7F6F12833ABB
:10358C00ACC5A73500FEFF4600FEFF4680B485B0F3
:10359C0000AF87ED010A03467B80D7ED017AF0EE90
:1035AC00E77A9FED1B7AF4EE477AF1EE10FA06D823
:1035BC00D7ED017AF5EEC07AF1EE10FA01D87B88DE
:1035CC0020E097ED017ADFED136AC7EE267AC7ED9E
:1035DC00037AD7ED037A9FED107AF4EEC77AF1EE09
:1035EC0010FA01DD0D4BFB60D7ED037AB6EE007AD5
:1035FC0077EE877AFCEEE77A17EE903A9BB2C3F33C
:10360C000E039BB218461437BD465DF8047B704719
:10361C00FFFF7F7FCDCC4C3B00FEFF4600FEFF46FC
:10362C0080B584B000AF78607B68002B01D1042397
:10363C0023E07B6848331A460C217868FFF74CFB73
:10364C000346FB73FB7B002B01D0FB7B15E07B68F7
:10365C004C331A460E217868FFF73EFB0346FB738A
:10366C00FB7B002B01D0FB7B07E07B684E331A46BB
:10367C000F217868FFF730FB034618461037BD461C
:10368C0080BD000080B586B000AFF86087ED020AFF
:10369C00C7ED010A87ED001AFB68002B01D104234A
:1036AC0044E0244B5B7ADBB2002B01D003233DE0DA
:1036BC00FB68BA681A65FB687A685A65FB683A68F1
:1036CC009A6597ED020AFFF713FF03461A46FB684B
:1036DC00A3F84820FB684FF40042A3F84A2047F6B1
:1036EC00FF7097ED010AFFF751FF03461A46FB687E
:1036FC00A3F84C20002097ED000AFFF747FF034684
:10370C001A46FB68A3F84E20FB68012283F85C2064
:10371C00F868FFF7B4FE0346FB75FB7D002B01D068
:10372C00FB7D03E0F868FFF77BFF0346184618376C
:10373C00BD4680BD5407002480B485B000AF03465D
:10374C00FB710023FB60FB79082B01D90823FB716B
:10375C000023FB720AE0FB7A5B00012202FA03F3FE
:10376C00FA681343FB60FB7A0133FB72FA7AFB793C
:10377C009A42F0D3FB6818461437BD465DF8047BBB
:10378C00704780B582B000AF78600B467B801346E3
:10379C007B707B7883F00103DBB21A467B88194679
:1037AC00786805F089FA00BF0837BD4680BD80B443
:1037BC0083B000AF0346FB71FB7903F00203002BCF
:1037CC0002D04FF0153309E0FB7903F00103002B15
:1037DC0002D14FF0053301E04FF0013318460C379E
:1037EC00BD465DF8047B704780B500AF134B0022DB
:1037FC001A7001F0B9FE0346114A1360114B4FF0D9
:10380C00FF321A60104B4FF0FF321A600F4B4FF023
:10381C00FF321A6001224FF400610D48FFF7B1FF2F
:10382C00012204210B48FFF7ACFF01224FF4805119
:10383C000748FFF7A6FF00BF80BD00BF8407002428
:10384C0088070024780700247C07002480070024C4
:10385C0000080258000C025880B586B000AF034631
:10386C00FB710B46BB7113467B71FB79052B61D841
:10387C0001A252F823F000BF9D380008B1380008AF
:10388C00D5380008EB380008113900083139000828
:10389C004FF0FF337B614FF0FF333B614FF0FF3351
:1038AC00FB6050E07B791846FFF781FF78610023BD
:1038BC003B617B7903F00C03002B02D04FF01033EB
:1038CC0000E00023FB603EE07B791846FFF76FFFBA
:1038DC0078614FF055333B610023FB6033E07B791B
:1038EC001846FFF764FF78614FF0FF333B617B793B
:1038FC0003F00C03002B02D04FF0103300E0002338
:10390C00FB6020E000237B6100233B61BB79184600
:10391C00FFF712FFF860FB68002B13D14FF0553303
:10392C00FB600FE000237B6100233B614FF0FF3312
:10393C00FB6008E000237B6100233B614FF05533B3
:10394C00FB6000E000BF0E4B1B687A699A4202D004
:10395C000B4A7B6913600B4B1B683A699A4202D085
:10396C00084A3B691360084B1B68FA689A4202D0FC
:10397C00054AFB68136000BF1837BD4680BD00BF09
:10398C00780700247C0700248007002480B584B0CD
:10399C0000AF78602A4B1B687A68D31A632B4AD91C
:1039AC00274B1B686433264A1360254B1B687A68C7
:1039BC00D31AB3F57A7F02D9214A7B681360214B65
:1039CC001B781A4601239340FB601F4B1A68FB6857
:1039DC001340002B14BF01230023DBB21A464FF413
:1039EC0000611A48FFF7CDFE194B1A68FB681340AB
:1039FC00002B14BF01230023DBB21A460421154807
:103A0C00FFF7BFFE144B1A68FB681340002B14BF62
:103A1C0001230023DBB21A464FF480510B48FFF709
:103A2C00B0FE084B1B780133DBB203F01F03DAB294
:103A3C00044B1A7000E000BF1037BD4680BD00BFBC
:103A4C008807002484070024780700240008025803
:103A5C007C070024000C02588007002480B483B03B
:103A6C0000AF786039607B681B6B3A68D31A40F200
:103A7C00F312934294BF01230023DBB218460C3798
:103A8C00BD465DF8047B704780B594B000AFB94B70
:103A9C00B94A9A60BFF34F8F00BFBFF36F8F00BF5F
:103AAC0000F05AFCB34B5B6903F40033002B1BD1C1
:103ABC00BFF34F8F00BFBFF36F8F00BFAD4B002222
:103ACC00C3F85022BFF34F8F00BFBFF36F8F00BFFF
:103ADC00A84B5B69A74A43F400335361BFF34F8F84
:103AEC0000BFBFF36F8F00E000BF01F0B7FCA34B2A
:103AFC00D3F8DC30A14A43F00053C2F8DC309F4BC2
:103B0C00D3F8DC3003F00053FB61FB699B4BD3F81B
:103B1C00DC309A4A43F08043C2F8DC30974BD3F840
:103B2C00DC3003F08043BB61BB6900F02DF900F081
:103B3C001DFB00F0C3FA00F0DDF900F09BF900F07A
:103B4C0025FA00F06FFA11F04BFDFFF74DFE00F077
:103B5C00EDFCFEF731FDFCF7D7FD89498948FFF7ED
:103B6C00DFF8FFF7ABF93B461846FDF725F803469F
:103B7C00002B3DD0002387F84F3035E097F84F30BD
:103B8C001846FFF72BFCB863BB6B002B26D097F8BD
:103B9C004F305B0050333B4433F8502CBB6BA3F8D5
:103BAC00482097F84F3004335B0050333B4433F8D4
:103BBC00502CBB6BA3F84C2097F84F3008335B00AC
:103BCC0050333B4433F8502CBB6BA3F84E20B86BEE
:103BDC00FFF755FCB86BFFF723FD00E000BF97F82B
:103BEC004F30013387F84F3097F84F30032BC5D93E
:103BFC00FEF756F80023BB6400237B6400233B6470
:103C0C0007F1200300221A605A609A6007F1200322
:103C1C0019464120FCF772FF034687F8373097F8B6
:103C2C003730002B03D097F82830002B01D001231C
:103C3C0000E0002387F83F3097F83F3003F0010392
:103C4C0087F83F3001F090FC3863322001F098FC8B
:103C5C0001F08AFCF862F86AFFF7C8FAFA6A7B6C22
:103C6C00D31A092B06D9FB6A7B64FDF7C5F8F86AF1
:103C7C00FEF794F8FA6ABB6CD31A3B2B03D9FB6A98
:103C8C00BB64FEF767F8FDF7A9FFF86AFEF772F858
:103C9C00FFF768FA0346002B41D1FFF715FBFEF73F
:103CAC00B7FAFA6A3B6CD31AF92B38D9FB6A3B6426
:103CBC00002387F83E302EE097F83E30304A6821DA
:103CCC0001FB03F3134418331B78002B1BD197F81B
:103CDC003E30682202FB03F3294A1344F96A184662
:103CEC00FFF7BCFE034683F00103DBB2002B0CD1C3
:103CFC0097F83E30682202FB03F3214A134418461E
:103D0C00FFF73CF802E000BF00E000BF97F83E3040
:103D1C00013387F83E3097F83E30032BCCD9F86A44
:103D2C0000F040FCF86AFEF739FEF86AFEF704FB77
:103D3C00FEF7C6FBF86AFFF729FE97F83F3083F0D1
:103D4C000103DBB2002B83D0FA6A3B6BD31A42F22D
:103D5C000F7293427FF67CAF012200214120FCF7C9
:103D6C0009FF0346002B3FF473AF012387F83F3064
:103D7C006EE700BF00ED00E00000000800440258B0
:103D8C00440000248C07002480B59CB000AF07F1E0
:103D9C0024034C220021184612F010F93B1D20225E
:103DAC000021184612F00AF9042008F0E1FF002364
:103DBC003B602F4B9B6923F440432D4A43F4004353
:103DCC0093612B4B9B6903F440433B603B6800BF02
:103DDC00274B9B6903F40053B3F5005FF8D1232301
:103DEC007B624FF4A023BB6201233B6340237B63C4
:103DFC000123FB630223BB640223FB6405233B65A5
:103E0C0028237B650123BB650523FB6505233B66E6
:103E1C0008237B660023BB660023FB6607F12403A3
:103E2C00184609F00FF80346002B01D000F0C0FA39
:103E3C003F237B600323BB600023FB6008233B61B3
:103E4C0040237B614023BB614FF48063FB614023C3
:103E5C003B623B1D0121184609F0CEFB0346002BAB
:103E6C0001D000F0A5FA00BF7037BD4680BD00BF81
:103E7C000048025880B500AF1B4B1C4A1A601A4B05
:103E8C001B4A5A60184B00229A60174B0122DA60C9
:103E9C00154B00221A61144B00225A61124B00225E
:103EAC009A61114B0022DA610F4B00221A620E4804
:103EBC0004F036FF0346002B01D000F079FA002104
:103ECC00094807F003FC0346002B01D000F070FA00
:103EDC000221054807F045FC0346002B01D000F0F9
:103EEC0067FA00BF80BD00BF8C070024005400405F
:103EFC006A1FC00080B500AF224B234A1A60214BC9
:103F0C004FF4E1325A601F4B00229A601D4B002285
:103F1C00DA601C4B00221A611A4B0C225A61194BA5
:103F2C0000229A61174B0022DA61164B00221A62AA
:103F3C00144B00225A62134B00229A6211480BF068
:103F4C00A9FC0346002B01D000F032FA00210D48E9
:103F5C000DF0EBFE0346002B01D000F029FA0021F6
:103F6C0008480DF020FF0346002B01D000F020FA8A
:103F7C0004480DF0A1FE0346002B01D000F018FA06
:103F8C0000BF80BDD0080024004C004080B500AFBD
:103F9C00224B234A1A60214B4FF4E1325A601F4BDB
:103FAC0000229A601D4B0022DA601C4B00221A6121
:103FBC001A4B0C225A61194B00229A61174B0022A2
:103FCC00DA61164B00221A62144B00225A62134B10
:103FDC0000229A6211480BF05DFC0346002B01D0C5
:103FEC0000F0E6F900210D480DF09FFE0346002B72
:103FFC0001D000F0DDF9002108480DF0D4FE034695
:10400C00002B01D000F0D4F904480DF055FE034606
:10401C00002B01D000F0CCF900BF80BD6409002456
:10402C000050004080B500AF224B234A1A60214B50
:10403C004FF4E1325A601F4B00229A601D4B002254
:10404C00DA601C4B00221A611A4B0C225A61194B74
:10405C0000229A61174B0022DA61164B00221A6279
:10406C00144B00225A62134B00229A6211480BF037
:10407C0011FC0346002B01D000F09AF900210D48E9
:10408C000DF053FE0346002B01D000F091F90021F6
:10409C0008480DF088FE0346002B01D000F088F98B
:1040AC0004480DF009FE0346002B01D000F080F906
:1040BC0000BF80BDF80900240010014080B582B01B
:1040CC0000AF294BD3F8D830274A43F00103C2F88C
:1040DC00D830254BD3F8D83003F001037B607B68D4
:1040EC00002203210B2001F04AFB0B2001F061FBA5
:1040FC00002203210C2001F042FB0C2001F059FBA3
:10410C00002205210D2001F03AFB0D2001F051FB9E
:10411C00002205210E2001F032FB0E2001F049FB9C
:10412C00002205210F2001F02AFB0F2001F041FB9A
:10413C0000220621102001F022FB102001F039FB97
:10414C0000220621112001F01AFB112001F031FB95
:10415C00002206212F2001F012FB2F2001F029FB59
:10416C0000BF0837BD4680BD0044025880B58AB0F8
:10417C0000AF07F1140300221A605A609A60DA60EB
:10418C001A61704BD3F8E0306E4A43F00403C2F866
:10419C00E0306C4BD3F8E03003F004033B613B6937
:1041AC00684BD3F8E030674A43F08003C2F8E03044
:1041BC00644BD3F8E03003F08003FB60FB68614B89
:1041CC00D3F8E0305F4A43F00103C2F8E0305D4BB6
:1041DC00D3F8E03003F00103BB60BB68594BD3F854
:1041EC00E030584A43F00203C2F8E030554BD3F8A4
:1041FC00E03003F002037B607B68524BD3F8E03075
:10420C00504A43F00803C2F8E0304E4BD3F8E0308C
:10421C0003F008033B603B68002204214A4804F089
:10422C004BFD002240F20461484804F045FD002299
:10423C004FF4D251464804F03FFD0022042145487A
:10424C0004F03AFD04237B610123BB610023FB6175
:10425C0000233B6207F1140319463B4804F062FB50
:10426C0008237B610023BB610123FB6107F114036D
:10427C001946354804F056FBF0237B614FF40413C8
:10428C00BB610123FB6107F1140319462E4804F0AE
:10429C0049FB30237B610023BB610023FB6107F1E9
:1042AC00140319462A4804F03DFB03237B610023C9
:1042BC00BB610023FB6107F114031946234804F08A
:1042CC0031FB40F204637B610123BB610023FB6182
:1042DC0000233B6207F1140319461C4804F022FB2F
:1042EC004FF4D2537B610123BB610023FB6100239C
:1042FC003B6207F114031946154804F013FB042321
:10430C007B610123BB610023FB6100233B6207F14E
:10431C00140319460F4804F005FB002204210A205F
:10432C0001F02DFA0A2001F044FA00220421172092
:10433C0001F025FA172001F03CFA00BF2837BD46E2
:10434C0080BD00BF0044025800000258000402580F
:10435C0000080258000C025880B584B000AF3B46F0
:10436C0000221A605A609A60DA6001F03DFA01236B
:10437C003B7000237B7000237B601F233B728723E1
:10438C007B720023BB720023FB7201233B7301235E
:10439C007B730023BB730023FB733B46184601F071
:1043AC005BFA042001F038FA00BF1037BD4680BD1F
:1043BC0080B400AF72B600BF00BFFDE780B483B01D
:1043CC0000AF786039607B681B6B3A68D31A40F297
:1043DC00F312934294BF01230023DBB218460C372F
:1043EC00BD465DF8047B704780B584B000AF0346D2
:1043FC00FB71FB79FB73FB7B1A464FF4007105488C
:10440C0004F05AFC044AFB79537400BF1037BD46C4
:10441C0080BD00BF000402585C0D002480B483B042
:10442C0000AF03463960FB71094B1B78DBB2FA799C
:10443C009A4206D0064AFB791370054A3B68936092
:10444C0000E000BF0C37BD465DF8047B704700BF31
:10445C005C0D002480B582B000AF0023FB7115E029
:10446C00FB791846FEF7BAFF38603B68002B0AD080
:10447C003B681B8A03F001039AB23B681A823B68C3
:10448C00002283F86420FB790133FB71FB79032B49
:10449C00E6D900BF00BF0837BD4680BD80B483B0ED
:1044AC0000AF0346FB80FB8803F06003002B01D0B8
:1044BC0001231CE0FB8803F00403002B01D0012333
:1044CC0015E0FB8803F01003002B01D002230EE053
:1044DC00FB8803F08003002B01D0042307E0FB884A
:1044EC0003F00803002B01D0032300E0002318463F
:1044FC000C37BD465DF8047B7047000080B483B078
:10450C0000AFFC23FB80084B1B78DBB2032B03D0E2
:10451C00FB8823F00803FB80FB8818460C37BD464C
:10452C005DF8047B704700BF5C0D002480B500AFC4
:10453C000F4B00221A700E4B00225A700C4B0022AB
:10454C009A700B4B0022DA70094B00221A71084B3F
:10455C0000221A7401F008F80346054A9360044BD4
:10456C009B68034AD3600020FFF73EFF00BF80BD6D
:10457C005C0D002480B500AF094B1B78DBB2032B1C
:10458C0004D0074B1B78DBB2022B06D10020FFF7BF
:10459C002BFF034B01225A7000E000BF80BD00BF0F
:1045AC005C0D002480B588B000AF78600023FB83DD
:1045BC0000237B7700233B770023FB760023BB761D
:1045CC00FFF79CFF0346FB8200237B764EE07B7E4D
:1045DC001846FEF703FFF860FB68002B08D17B7EC2
:1045EC00012202FA03F3DAB23B7F13433B773AE042
:1045FC00FB681A8AFB8A13407B817B89002B0BD0CA
:10460C00FA8B7B891343FB837B7E012202FA03F333
:10461C00DAB27B7F13437B777968F868FFF7CEFEBD
:10462C000346002B17D07B7E012202FA03F3DAB289
:10463C00BB7E1343BB76FB681B7E83F00103DBB2AE
:10464C00002B10D07B7E012202FA03F3DAB2FB7E40
:10465C001343FB7607E07B7E012202FA03F3DAB206
:10466C003B7F13433B777B7E01337B767B7E032B37
:10467C00ADD9FDF737FE0346002B14BF01230023F1
:10468C007B757B7D002B0BD0A54B1B78DBB2032BF2
:10469C0004D0A34B1B78DBB2022B01D1012300E029
:1046AC0000233B753B7D03F001033B75BB7E002B68
:1046BC000CBF01230023FB74994B5B78DBB2002BFE
:1046CC0023D0974B00225A70954B1B78DBB2032BEF
:1046DC0004D0934B1B78DBB2022B16D1904B0022EB
:1046EC009A708F4B0022DA708D4A7B68D3608C4BAA
:1046FC001B79FF2B05D08A4B1B790133DAB2884B1F
:10470C001A7179680420FFF789FE854B1B78DBB2A0
:10471C00052B00F2F78001A252F823F04147000864
:10472C0065470008974700080F480008AB48000889
:10473C00094900080020FFF757FE794B9B687A68FF
:10474C00D31AB3F5FA7FC0F0E280FFF783FE7968E5
:10475C000120FFF763FEDAE00020FFF745FE704B07
:10476C001B7C002B00F0D5806D4B9B687A68D31AAC
:10477C00632B40F2CE80FFF76DFE0120FFF734FE75
:10478C0079680220FFF74AFEC3E0654B1B7C83F07F
:10479C000103DBB2002B07D00020FFF725FE796860
:1047AC000120FFF73BFEBEE03B7D002B1AD0002022
:1047BC00FFF71AFE5A4B05229A70594B0022DA70F9
:1047CC00574A7B68D360564B1B79FF2B05D0544B53
:1047DC001B790133DAB2524B1A7179680420FFF756
:1047EC001DFEA0E04E4B9B687A68D31AB3F5C87FC8
:1047FC00C0F09180FFF72EFE79680320FFF70EFEC4
:10480C0089E0474B1B7C83F00103DBB2002B07D004
:10481C000020FFF7E9FD79680120FFF7FFFD82E03A
:10482C003F4B9B687A68D31A42F20F72934202D9BB
:10483C003B4B00221A71FB8B002B02D13B7D002BD2
:10484C006BD00020FFF7D0FD354A7B7FD3703B7DCA
:10485C00002B03D0324B05229A700EE0FB8B002B01
:10486C0008D0FB8B1846FFF719FE03461A462C4B53
:10487C009A7002E02A4B06229A70294A7B68D36010
:10488C00274B1B79FF2B05D0254B1B790133DAB253
:10489C00234B1A7179680420FFF7C0FD3DE000201E
:1048AC00FFF7A2FD1E4B9B78002B1ED11C4BDB6827
:1048BC007A68D31A632B18D9FB8B002B0BD0FB8B8C
:1048CC001846FFF7EBFD03461A46154B9A70144A2F
:1048DC007B7FD37009E03B7D002B03D0104B05226E
:1048EC009A7002E00E4B06229A700D4B1B79022B2C
:1048FC0018D979680520FFF791FD13E00020FFF728
:10490C0073FD10E079680020FFF788FD0BE000BF15
:10491C0009E000BF07E000BF05E000BF03E000BFF7
:10492C005C0D002400BF00233B767868FDF7E6FCA5
:10493C000346002B03D03B7E43F001033B763B7FC9
:10494C00002B03D03B7E43F002033B76FB7C002B19
:10495C0003D03B7E43F004033B76FB7E002B0AD155
:10496C003B7D002B07D1FB8B002B08D00A4B1B780F
:10497C00DBB2042B03D03B7E43F008033B76064BA3
:10498C001B78DBB2044A91783A7E1846FEF764FF36
:10499C0000BF2037BD4680BD5C0D002480B483B0C1
:1049AC0000AF0346FB71FB79002B0BD00A4B1B7835
:1049BC00DBB2042B04D0084B1B78DBB2052B01D1E6
:1049CC00002303E0044AFB791374012318460C37C7
:1049DC00BD465DF8047B70475C0D002480B500AFCC
:1049EC00FFF738FD0C4B00229A700B4B0022DA704B
:1049FC00094B00221A74084B1B78DBB2042B09D12B
:104A0C00054B00221A7100F0AFFD03461946012038
:104A1C00FFF704FD00BF80BD5C0D002480B400AF27
:104A2C00034B1B78DBB21846BD465DF8047B704720
:104A3C005C0D002480B400AF034B9B781846BD4638
:104A4C005DF8047B704700BF5C0D002480B400AFA0
:104A5C00034BDB781846BD465DF8047B704700BFFE
:104A6C005C0D002480B400AF034B5B7C1846BD4644
:104A7C005DF8047B704700BF5C0D002480B400AF70
:104A8C00034B1B791846BD465DF8047B704700BF8D
:104A9C005C0D002480B483B000AF0A4BD3F8F43023
:104AAC00084A43F00203C2F8F430064BD3F8F43052
:104ABC0003F002037B607B6800BF0C37BD465DF8DA
:104ACC00047B70470044025880B5B8B000AF7860E2
:104ADC0007F1CC0300221A605A609A60DA601A61FE
:104AEC0007F11003B8220021184611F067FA7B6811
:104AFC001B685D4A934240F0B3804FF008024FF0C0
:104B0C000003C7E904234FF40053C7F8903007F1B2
:104B1C001003184609F0FCF80346002B01D0FFF7F0
:104B2C0047FC524BD3F8E030504A43F00203C2F832
:104B3C00E0304E4BD3F8E03003F00203FB60FB682F
:104B4C00C023C7F8CC301223C7F8D0300023C7F8E5
:104B5C00D4300023C7F8D8300423C7F8DC3007F171
:104B6C00CC031946424803F0DDFE404BD3F8E83045
:104B7C003E4A43F40013C2F8E8303C4BD3F8E8301B
:104B8C0003F40013BB60BB683A4B3B4A1A60394BC9
:104B9C0021225A60374B00229A60364B0022DA6091
:104BAC00344B4FF480621A61324B00225A61314B04
:104BBC0000229A612F4B0022DA612E4B4FF4803287
:104BCC001A622C4B00225A622A4800F085FE0346DA
:104BDC00002B01D0FFF7ECFB7B68264ADA63254AF1
:104BEC007B689363254B264A1A60244B22225A6019
:104BFC00224B40229A60214B0022DA601F4B4FF46B
:104C0C0080621A611D4B00225A611C4B00229A6172
:104C1C001A4B0022DA61194B4FF480321A62174B8F
:104C2C0000225A62154800F057FE0346002B01D0B3
:104C3C00FFF7BEFB7B68114A9A63104A7B6893634B
:104C4C00002203211F2000F09AFD1F2000F0B1FD6F
:104C5C0000220321202000F092FD202000F0A9FD6D
:104C6C0000BFE037BD4680BD0054004000440258F0
:104C7C0000040258E00700241000024058080024E9
:104C8C002800024080B5BCB000AF786007F1DC03AF
:104C9C0000221A605A609A60DA601A6107F12003E8
:104CAC00B8220021184611F089F97B681B68B04ABC
:104CBC00934240F0AB804FF002024FF00003C7E983
:104CCC0008230023C7F8943007F12003184609F095
:104CDC001FF80346002B01D0FFF76AFBA54BD3F856
:104CEC00E830A44A43F40023C2F8E830A14BD3F8CF
:104CFC00E83003F40023FB61FB699E4BD3F8E030F2
:104D0C009C4A43F00103C2F8E0309A4BD3F8E030F0
:104D1C0003F00103BB61BB690323C7F8DC3002233A
:104D2C00C7F8E0300023C7F8E4300023C7F8E830B8
:104D3C000823C7F8EC3007F1DC0319468E4803F062
:104D4C00F1FD8E4B8E4A1A608C4B40225A608B4B75
:104D5C0040229A60894B0022DA60884B4FF48062C3
:104D6C001A61864B00225A61844B00229A61834B54
:104D7C000022DA61814B00221A62804B00225A62B7
:104D8C007E4800F0A9FD0346002B01D0FFF710FB75
:104D9C007B687A4ADA67794A7B689363794B7A4AFB
:104DAC001A60784B3F225A60764B00229A60754B02
:104DBC000022DA60734B4FF480621A61714B00224F
:104DCC005A61704B00229A616E4B4FF48072DA611B
:104DDC006C4B00221A626B4B00225A62694800F03D
:104DEC007BFD0346002B01D0FFF7E2FA7B68654A96
:104DFC00C3F88020634A7B6893630022052134202A
:104E0C0000F0BDFC342000F0D4FC7CE17B681B6816
:104E1C005E4A934240F0C6804FF002024FF000030E
:104E2C00C7E908230023C7F8943007F1200318467C
:104E3C0008F06EFF0346002B01D0FFF7B9FA4D4B7B
:104E4C00D3F8E8304B4A43F48013C2F8E830494BAE
:104E5C00D3F8E83003F480137B617B69454BD3F8BE
:104E6C00E030444A43F00203C2F8E030414BD3F83F
:104E7C00E03003F002033B613B694FF44053C7F849
:104E8C00DC300223C7F8E0300023C7F8E4300023FD
:104E9C00C7F8E8300E23C7F8EC3007F1DC031946ED
:104EAC003B4803F03FFD3B4B3B4A1A60394B4222D7
:104EBC005A60384B40229A60364B0022DA60354BF0
:104ECC004FF480621A61334B00225A61314B00223D
:104EDC009A61304B0022DA612E4B00221A622D4B64
:104EEC0000225A622B4800F0F7FC0346002B01D03D
:104EFC00FFF75EFA7B68274ADA67264A7B6893637A
:104F0C00264B274A1A60254B41225A60234B00221C
:104F1C009A60224B0022DA60204B4FF480621A61B7
:104F2C001E4B00225A611D4B00229A611B4B4FF401
:104F3C008072DA61194B00221A62184B00225A62F5
:104F4C00164800F0C9FC0346002B01D0FFF730FADD
:104F5C007B68124AC3F88020104A7B689363002256
:104F6C000521352000F00BFC352000F022FCCAE0B6
:104F7C00004C004000440258000002588C0A0024E7
:104F8C0070000240040B0024A000024000500040BE
:104F9C00000402587C0B002458000240F40B00243F
:104FAC00B80002407B681B68594A934240F0AB80C2
:104FBC004FF001024FF00003C7E908230023C7F8A4
:104FCC00983007F12003184608F0A2FE0346002B88
:104FDC0001D0FFF7EDF94F4BD3F8F0304D4A43F0C9
:104FEC001003C2F8F0304B4BD3F8F03003F0100341
:104FFC00FB60FB68474BD3F8E030464A43F00203B2
:10500C00C2F8E030434BD3F8E03003F00203BB604E
:10501C00BB684FF44043C7F8DC300223C7F8E030DC
:10502C000023C7F8E4300023C7F8E8300423C7F89E
:10503C00EC3007F1DC031946374803F073FC374BAF
:10504C00374A1A60354B2A225A60344B40229A60F8
:10505C00324B0022DA60314B4FF480621A612F4BD5
:10506C0000225A612D4B00229A612C4B0022DA61EE
:10507C002A4B00221A62294B00225A62274800F060
:10508C002BFC0346002B01D0FFF792F97B68234AD7
:10509C00DA67224A7B689363224B234A1A60214BBE
:1050AC0029225A601F4B00229A601E4B0022DA60A4
:1050BC001C4B4FF480621A611A4B00225A61194B37
:1050CC0000229A61174B4FF48072DA61154B002263
:1050DC001A62144B00225A62124800F0FDFB034680
:1050EC00002B01D0FFF764F97B680E4AC3F88020CF
:1050FC000C4A7B68936300220521252000F03FFBBE
:10510C00252000F056FB00BFF037BD4680BD00BF28
:10511C000010014000440258000402586C0C00249A
:10512C0040000240E40C00248800024080B400AF30
:10513C0000BFFDE780B400AF00BFFDE780B400AF57
:10514C0000BFFDE780B400AF00BFFDE780B400AF47
:10515C0000BFFDE780B400AF00BFBD465DF8047B27
:10516C00704780B400AF00BFBD465DF8047B70474C
:10517C0080B400AF00BFBD465DF8047B704780B5BE
:10518C0000AF00F0DDF900BF80BD80B500AF10208E
:10519C0003F0ABFD00BF80BD80B500AF024801F04D
:1051AC00C1FE00BF80BD00BFE007002480B500AF8A
:1051BC00024801F0B7FE00BF80BD00BF58080024B4
:1051CC0080B500AF024801F0ADFE00BF80BD00BF4E
:1051DC006C0C002480B500AF024801F0A3FE00BFA8
:1051EC0080BD00BF7C0B002480B500AF024801F0ED
:1051FC0099FE00BF80BD00BF8C0A002480B500AFB3
:10520C00024801F08FFE00BF80BD00BFE40C0024FB
:10521C0080B500AF024801F085FE00BF80BD00BF25
:10522C00040B002480B500AF202003F05EFD40206D
:10523C0003F05BFD802003F058FD00BF80BD000033
:10524C0080B500AF024804F06FF900BF80BD00BF0D
:10525C008C07002480B500AF024804F07FF900BF32
:10526C0080BD00BF8C07002480B500AF02480AF057
:10527C00C7FC00BF80BD00BFF809002480B500AF9B
:10528C00024801F04FFE00BF80BD00BFF40B0024AC
:10529C0080B500AF02480AF0B3FC00BF80BD00BF70
:1052AC00D008002480B500AF02480AF0A9FC00BF6A
:1052BC0080BD00BF6409002480B500AF024806F031
:1052CC00DDFB00BF80BD00BF7022002480B400AFA6
:1052DC003E4BD3F888303D4A43F47003C2F8883013
:1052EC003B4B1B6803F00F03062B07D8384B1B688E
:1052FC0023F00F03364A43F007031360354B1B684A
:10530C00344A43F001031360324B00221A61314BD3
:10531C001A683049304B13400B602D4B1B6803F05F
:10532C000803002B07D02A4B1B6823F00F03284AD5
:10533C0043F007031360274B00229A61254B002290
:10534C00DA61244B00221A62224B244A9A62214BC6
:10535C00234ADA621F4B234A1A631E4B00225A63FC
:10536C001C4B204A9A631B4B0022DA63194B1D4AD3
:10537C001A64184B00225A64164B1B68154A23F406
:10538C0080231360134B00221A66124BD3F8D430CF
:10539C0003F48053002B13D10E4BD3F8D4300D4AA9
:1053AC0043F48053C2F8D4300F4B43F2D2021A604C
:1053BC00084BD3F8D430074A23F48053C2F8D430C6
:1053CC0000BFBD465DF8047B704700BF00ED00E0F8
:1053DC0000200052004402587FEDF6EA000202025F
:1053EC000000FF018002010100400052044BDA680A
:1053FC0022F00202DA605A689204FCD5704700BFB2
:10540C0000480258DFF838D0FFF7F0FFFFF75EFFD7
:10541C000C480D490D4A002302E0D458C450043303
:10542C00C4188C42F9D30A4A0A4C002301E01360D9
:10543C000432A242FBD310F0C9FDFEF725FBFEE7B8
:10544C000000052400000024E80200240861010883
:10545C00E802002474290024FEE7000080B582B025
:10546C0000AF032000F080F908F07CFA0246154BDF
:10547C009B691B0A03F00F031349CB5C03F01F035A
:10548C0022FA03F37B600F4B9B6903F00F030E4A68
:10549C00D35C03F01F037A6822FA03F30B4A136000
:1054AC000B4A7B6813600F2000F014F80346002BA6
:1054BC0001D0012302E0FFF7EDFA0023184608376C
:1054CC00BD4680BD0044025870600108E80100240C
:1054DC00E401002480B582B000AF7860154B1B78D6
:1054EC00002B01D1012321E0134B1A68114B1B78BF
:1054FC0019464FF47A73B3FBF1F3B2FBF3F318468E
:10550C0000F065F90346002B01D001230EE07B6807
:10551C000F2B0AD8002279684FF0FF3000F02FF9DA
:10552C00064A7B681360002300E001231846083705
:10553C00BD4680BDF0010024E4010024EC010024F0
:10554C0080B400AF064B1B781A46064B1B681344FD
:10555C00044A136000BFBD465DF8047B704700BF72
:10556C00F0010024700D002480B400AF034B1B68C5
:10557C001846BD465DF8047B704700BF700D0024D3
:10558C0080B584B000AF7860FFF7EEFFB8607B6841
:10559C00FB60FB68B3F1FF3F05D00A4B1B781A4642
:1055AC00FB681344FB6000BFFFF7DEFF0246BB68DD
:1055BC00D31AFA689A42F7D800BF00BF1037BD461D
:1055CC0080BD00BFF001002480B485B000AF7860CE
:1055DC007B6803F00703FB600B4BDB68BB60BA68AE
:1055EC004FF6FF031340BB60FB681A02BB681A43FB
:1055FC00064B1343BB60044ABB68D36000BF14372F
:10560C00BD465DF8047B704700ED00E00000FA0534
:10561C0080B400AF044BDB681B0A03F00703184689
:10562C00BD465DF8047B704700ED00E080B483B0AC
:10563C0000AF0346FB80B7F90630002B0BDBFB8871
:10564C0003F01F020749B7F906305B09012000FA85
:10565C0002F241F8232000BF0C37BD465DF8047BF5
:10566C00704700BF00E100E080B483B000AF034698
:10567C003960FB80B7F90630002B0ADB3B68DAB2E5
:10568C000C49B7F906301201D2B20B4483F800234F
:10569C000AE03B68DAB20849FB8803F00F03043BCD
:1056AC001201D2B20B441A7600BF0C37BD465DF81E
:1056BC00047B704700E100E000ED00E080B489B0AD
:1056CC0000AFF860B9607A60FB6803F00703FB6118
:1056DC00FB69C3F10703042B28BF0423BB61FB69DF
:1056EC000433062B02D9FB69033B00E000237B61EA
:1056FC004FF0FF32BB6902FA03F3DA43BB681A407E
:10570C007B699A404FF0FF317B6901FA03F3D9436F
:10571C007B680B40134318462437BD465DF8047B69
:10572C007047000080B582B000AF78607B68013BA9
:10573C00B3F1807F01D301230FE00A4A7B68013B60
:10574C0053600F214FF0FF30FFF78EFF054B002207
:10575C009A60044B07221A60002318460837BD468E
:10576C0080BD00BF10E000E080B582B000AF786073
:10577C007868FFF729FF00BF0837BD4680BD80B5AC
:10578C0086B000AF0346B9607A60FB81FFF740FF3B
:10579C0078617A68B9687869FFF790FF0246B7F9C3
:1057AC000E3011461846FFF75FFF00BF1837BD4695
:1057BC0080BD80B582B000AF0346FB80B7F90630E0
:1057CC001846FFF733FF00BF0837BD4680BD80B5D4
:1057DC0082B000AF78607868FFF7A4FF03461846E4
:1057EC000837BD4680BD000080B400AFBFF35F8FAB
:1057FC0000BF074B5B6A064A23F480335362054BA8
:10580C0000225A6000BFBD465DF8047B704700BFA4
:10581C0000ED00E090ED00E080B483B000AF786064
:10582C000B4A7B6843F0010353600A4B5B6A094ADD
:10583C0043F480335362BFF34F8F00BFBFF36F8FBE
:10584C0000BF00BF0C37BD465DF8047B704700BF3E
:10585C0090ED00E000ED00E080B483B000AF786024
:10586C007B685A781B4B9A601A4B1B69194A23F0B8
:10587C0001031361174A7B685B68D3607B681B7BF1
:10588C001A077B68DB7A1B061A437B689B7ADB045E
:10589C001A437B685B7B9B041A437B689B7B5B0492
:1058AC001A437B68DB7B1B041A437B685B7A1B0205
:1058BC001A437B681B7A5B0013437A681278114693
:1058CC00044A0B43136100BF0C37BD465DF8047BE3
:1058DC00704700BF90ED00E080B586B000AF7860F7
:1058EC00FFF742FE38617B68002B01D1012312E3E4
:1058FC007B681B68664A93424AD07B681B68654A82
:10590C00934245D07B681B68634A934240D07B68C6
:10591C001B68624A93423BD07B681B68604A934287
:10592C0036D07B681B685F4A934231D07B681B681A
:10593C005D4A93422CD07B681B685C4A934227D00B
:10594C007B681B685A4A934222D07B681B68594A71
:10595C0093421DD07B681B68574A934218D07B68D2
:10596C001B68564A934213D07B681B68544A934277
:10597C000ED07B681B68534A934209D07B681B6826
:10598C00514A934204D07B681B68504A934201D120
:10599C00012300E00023002B00F03C817B680222F5
:1059AC0083F835207B68002283F834207B681B68E1
:1059BC00374A93424AD07B681B68364A934245D09B
:1059CC007B681B68344A934240D07B681B68334A1F
:1059DC0093423BD07B681B68314A934236D07B683C
:1059EC001B68304A934231D07B681B682E4A934225
:1059FC002CD07B681B682D4A934227D07B681B6890
:105A0C002B4A934222D07B681B682A4A93421DD0B2
:105A1C007B681B68284A934218D07B681B68274A0E
:105A2C00934213D07B681B68254A93420ED07B6847
:105A3C001B68244A934209D07B681B68224A934214
:105A4C0004D07B681B68214A934208D17B681B6891
:105A5C001A687B681B6822F001021A6007E07B68F9
:105A6C001B681A687B681B6822F001021A602FE021
:105A7C00FFF77AFD02463B69D31A052B28D97B68C0
:105A8C0020225A657B68032283F83520012342E2E9
:105A9C001000024028000240400002405800024022
:105AAC007000024088000240A0000240B800024092
:105ABC0010040240280402404004024058040240F2
:105ACC007004024088040240A0040240B804024062
:105ADC007B681B681B6803F00103002BC8D17B6833
:105AEC001B681B687B617A69834B13407B617B6805
:105AFC009A687B68DB681A437B681B691A437B686E
:105B0C005B691A437B689B691A437B68DB691A43A0
:105B1C007B681B6A13437A6913437B617B685B6AFE
:105B2C00042B07D17B68DA6A7B681B6B13437A6999
:105B3C0013437B617B685B68282B03D97B685B68AC
:105B4C002E2B1FD97B685B683E2B03D97B685B6867
:105B5C00422B17D97B685B68462B03D97B685B6843
:105B6C00482B0FD97B685B684E2B03D97B685B682D
:105B7C00522B07D97B685B68732B05D97B685B68F4
:105B8C00772B01D8012300E00023002B03D07B6985
:105B9C0043F480137B617B681B687A691A607B68AD
:105BAC001B685B697B617B6923F007037B617B6806
:105BBC005B6A7A6913437B617B685B6A042B17D140
:105BCC007B689B6A7A6913437B617B68DB6A002B79
:105BDC000ED0786802F048FB0346002B08D07B6897
:105BEC0040225A657B68012283F83520012392E11B
:105BFC007B681B687A695A61786802F083FA0346FD
:105C0C00BB607B68DB6D03F01F033F229A40BB68CF
:105C1C009A60C8E07B681B68384A934222D07B6844
:105C2C001B68374A93421DD07B681B68354A9342E8
:105C3C0018D07B681B68344A934213D07B681B686E
:105C4C00324A93420ED07B681B68314A934209D08A
:105C5C007B681B682F4A934204D07B681B682E4AD2
:105C6C00934201D1012300E00023002B00F092802D
:105C7C007B681B68214A934221D07B681B68204AB1
:105C8C0093421CD07B681B681E4A934217D07B68DA
:105C9C001B681D4A934212D07B681B681B4A9342B7
:105CAC000DD07B681B681A4A934208D07B681B682E
:105CBC00184A934203D07B681B68174A93427B684F
:105CCC00022283F835207B68002283F834207B681D
:105CDC001B681B687B617A69104B13407B617B6886
:105CEC009B68402B1CD07B689B68802B02D14FF4A7
:105CFC00804316E0002314E03F8010FE0854025845
:105D0C001C540258305402584454025858540258E7
:105D1C006C54025880540258945402580F00FEFFE1
:105D2C0010237A68D268D2081A437B681B69DB0897
:105D3C001A437B685B69DB081A437B689B69DB0849
:105D4C001A437B68DB69DB081A437B681B6A1B09F7
:105D5C0013437A6913437B617B681B687A691A6009
:105D6C007B681B681A466E4B13446E4AA2FB0323D6
:105D7C001B099A007B68DA65786802F0C3F9034660
:105D8C00FB607B68DB6D03F01F0301229A40FB680C
:105D9C005A6008E07B6840225A657B68032283F8CE
:105DAC0035200123B7E07B681B685F4A934272D0B1
:105DBC007B681B685D4A93426DD07B681B685C4AAC
:105DCC00934268D07B681B685A4A934263D07B68C5
:105DDC001B68594A93425ED07B681B68574A9342B2
:105DEC0059D07B681B68564A934254D07B681B6819
:105DFC00544A93424FD07B681B68534A93424AD013
:105E0C007B681B68514A934245D07B681B68504A9B
:105E1C00934240D07B681B684E4A93423BD07B68D0
:105E2C001B684D4A934236D07B681B684B4A9342A1
:105E3C0031D07B681B684A4A93422CD07B681B6824
:105E4C00484A934227D07B681B68474A934222D02A
:105E5C007B681B68454A93421DD07B681B68444A8B
:105E6C00934218D07B681B68424A934213D07B68DC
:105E7C001B68414A93420ED07B681B683F4A934291
:105E8C0009D07B681B683E4A934204D07B681B6830
:105E9C003C4A934201D1012300E00023002B32D075
:105EAC00786802F05DFA7B689B68802B02D17B6876
:105EBC0000225A607B685A687B681B6ED2B21A60EB
:105ECC007B685B6E7A68926E5A607B685B68002BAD
:105EDC0010D07B685B68082B0CD8786802F0DAFA73
:105EEC007B68DB6E00221A607B681B6F7A68526FCE
:105EFC005A6008E07B680022DA667B6800221A6729
:105F0C007B6800225A677B6800225A657B680122F5
:105F1C0083F83520002318461837BD4680BD00BFD6
:105F2C00F8ABFDA7CDCCCCCC100002402800024031
:105F3C0040000240580002407000024088000240BD
:105F4C00A0000240B80002401004024028040240A5
:105F5C00400402405804024070040240880402408D
:105F6C00A0040240B8040240085402581C540258C1
:105F7C003054025844540258585402586C54025825
:105F8C00805402589454025880B586B000AFF86023
:105F9C00B9607A603B600023FB75FB68002B01D174
:105FAC00012326E2FB6893F83430012B01D1022344
:105FBC001FE2FB68012283F83420FB6893F835302C
:105FCC00DBB2012B40F00A82FB68022283F83520F9
:105FDC00FB6800225A65FB681B68684A93424AD0EA
:105FEC00FB681B68664A934245D0FB681B68654A90
:105FFC00934240D0FB681B68634A93423BD0FB68DA
:10600C001B68624A934236D0FB681B68604A934215
:10601C0031D0FB681B685F4A93422CD0FB681B682D
:10602C005D4A934227D0FB681B685C4A934222D09E
:10603C00FB681B685A4A93421DD0FB681B68594A7F
:10604C00934218D0FB681B68574A934213D0FB68E5
:10605C001B68564A93420ED0FB681B68544A934205
:10606C0009D0FB681B68534A934204D0FB681B6839
:10607C00514A934208D1FB681B681A68FB681B687D
:10608C0022F001021A6007E0FB681B681A68FB68C3
:10609C001B6822F001021A603B687A68B968F868DC
:1060AC0001F084FEFB681B68344A93424AD0FB68BB
:1060BC001B68334A934245D0FB681B68314A9342B4
:1060CC0040D0FB681B68304A93423BD0FB681B688E
:1060DC002E4A934236D0FB681B682D4A934231D02E
:1060EC00FB681B682B4A93422CD0FB681B682A4A1E
:1060FC00934227D0FB681B68284A934222D0FB6846
:10610C001B68274A93421DD0FB681B68254A9342A3
:10611C0018D0FB681B68244A934213D0FB681B6899
:10612C00224A93420ED0FB681B68214A934209D045
:10613C00FB681B681F4A934204D0FB681B681E4A0D
:10614C00934201D1012300E00023002B36D0FB68E1
:10615C001B681B6823F01E02FB681B6842F01602CA
:10616C001A60FB681B6C002B3ED0FB681B681A681E
:10617C00FB681B6842F008021A6035E01000024010
:10618C0028000240400002405800024070000240CB
:10619C0088000240A0000240B800024010040240F7
:1061AC00280402404004024058040240700402409B
:1061BC0088040240A0040240B8040240FB681B683B
:1061CC001B6823F00E02FB681B6842F00A021A607F
:1061DC00FB681B6C002B07D0FB681B681A68FB68FC
:1061EC001B6842F004021A60FB681B68834A9342E6
:1061FC0072D0FB681B68824A93426DD0FB681B68A7
:10620C00804A934268D0FB681B687F4A934263D0F4
:10621C00FB681B687D4A93425ED0FB681B687C4A16
:10622C00934259D0FB681B687A4A934254D0FB685E
:10623C001B68794A93424FD0FB681B68774A93429C
:10624C004AD0FB681B68764A934245D0FB681B68B2
:10625C00744A934240D0FB681B68734A93423BD00C
:10626C00FB681B68714A934236D0FB681B68704A06
:10627C00934231D0FB681B686E4A93422CD0FB686A
:10628C001B686D4A934227D0FB681B686B4A93428C
:10629C0022D0FB681B686A4A93421DD0FB681B68BE
:1062AC00684A934218D0FB681B68674A934213D024
:1062BC00FB681B68654A93420ED0FB681B68644AF6
:1062CC00934209D0FB681B68624A934204D0FB6876
:1062DC001B68614A934201D1012300E00023002B8B
:1062EC001AD0FB681B6E1B6803F48033002B07D09D
:1062FC00FB681B6E1A68FB681B6E42F480721A6096
:10630C00FB68DB6E002B07D0FB68DB6E1A68FB6842
:10631C00DB6E42F480721A60FB681B68374A93424A
:10632C004AD0FB681B68364A934245D0FB681B6811
:10633C00344A934240D0FB681B68334A93423BD0AB
:10634C00FB681B68314A934236D0FB681B68304AA5
:10635C00934231D0FB681B682E4A93422CD0FB68C9
:10636C001B682D4A934227D0FB681B682B4A93422B
:10637C0022D0FB681B682A4A93421DD0FB681B681D
:10638C00284A934218D0FB681B68274A934213D0C3
:10639C00FB681B68254A93420ED0FB681B68244A95
:1063AC00934209D0FB681B68224A934204D0FB68D5
:1063BC001B68214A934208D1FB681B681A68FB686A
:1063CC001B6842F001021A6012E0FB681B681A6835
:1063DC00FB681B6842F001021A6009E0FB684FF48D
:1063EC0000625A65FB68002283F834200123FB7598
:1063FC00FB7D18461837BD4680BD00BF100002401B
:10640C002800024040000240580002407000024048
:10641C0088000240A0000240B80002401004024074
:10642C002804024040040240580402407004024018
:10643C0088040240A0040240B804024008540258E8
:10644C001C540258305402584454025858540258A0
:10645C006C540258805402589454025880B586B03B
:10646C0000AF7860FFF780F838617B68002B01D1B2
:10647C000123DCE27B6893F83530DBB2022B08D0C9
:10648C007B6880225A657B68002283F834200123C4
:10649C00CDE27B681B68644A93424AD07B681B68D8
:1064AC00624A934245D07B681B68614A934240D054
:1064BC007B681B685F4A93423BD07B681B685E4AD3
:1064CC00934236D07B681B685C4A934231D07B6820
:1064DC001B685B4A93422CD07B681B68594A9342D9
:1064EC0027D07B681B68584A934222D07B681B6874
:1064FC00564A93421DD07B681B68554A934218D06C
:10650C007B681B68534A934213D07B681B68524AC2
:10651C0093420ED07B681B68504A934209D07B682B
:10652C001B684F4A934204D07B681B684D4A9342C8
:10653C0008D17B681B681A687B681B6822F0010213
:10654C001A6007E07B681B681A687B681B6822F07E
:10655C0001021A607B681B68334A93424AD07B68FD
:10656C001B68324A934245D07B681B68304A934281
:10657C0040D07B681B682F4A93423BD07B681B68DA
:10658C002D4A934236D07B681B682C4A934231D0FB
:10659C007B681B682A4A93422CD07B681B68294A6B
:1065AC00934227D07B681B68274A934222D07B6892
:1065BC001B68264A93421DD07B681B68244A934271
:1065CC0018D07B681B68234A934213D07B681B68E6
:1065DC00214A93420ED07B681B68204A934209D013
:1065EC007B681B681E4A934204D07B681B681D4A5B
:1065FC00934201D1012300E00023002B34D07B68AF
:10660C001B681A687B681B6822F01E021A607B6884
:10661C001B685A697B681B6822F080025A617B6890
:10662C001B687B612BE000BF100002402800024079
:10663C0040000240580002407000024088000240B6
:10664C00A0000240B800024010040240280402409E
:10665C004004024058040240700402408804024086
:10666C00A0040240B80402407B681B681A687B686F
:10667C001B6822F00E021A607B681B687B617B68CA
:10668C001B687F4A934272D07B681B687D4A934299
:10669C006DD07B681B687C4A934268D07B681B6812
:1066AC007A4A934263D07B681B68794A93425ED0E6
:1066BC007B681B68774A934259D07B681B68764A83
:1066CC00934254D07B681B68744A93424FD07B68CA
:1066DC001B68734A93424AD07B681B68714A934289
:1066EC0045D07B681B68704A934240D07B681B681E
:1066FC006E4A93423BD07B681B686D4A934236D0FE
:10670C007B681B686B4A934231D07B681B686A4A72
:10671C0093422CD07B681B68684A934227D07B68D5
:10672C001B68674A934222D07B681B68654A934278
:10673C001DD07B681B68644A934218D07B681B6829
:10674C00624A934213D07B681B68614A93420ED015
:10675C007B681B685F4A934209D07B681B685E4A62
:10676C00934204D07B681B685C4A934201D101239D
:10677C0000E00023002B1CD07B681B6E1A687B6822
:10678C001B6E22F480721A6013E0FEF7EDFE0246D7
:10679C003B69D31A052B0CD97B6820225A657B6880
:1067AC00032283F835207B68002283F834200123F0
:1067BC003DE17B691B6803F00103002BE5D17B688D
:1067CC001B682F4A93424AD07B681B682D4A934220
:1067DC0045D07B681B682C4A934240D07B681B6871
:1067EC002A4A93423BD07B681B68294A934236D095
:1067FC007B681B68274A934231D07B681B68264A0A
:10680C0093422CD07B681B68244A934227D07B6828
:10681C001B68234A934222D07B681B68214A93420F
:10682C001DD07B681B68204A934218D07B681B687C
:10683C001E4A934213D07B681B681D4A93420ED0AC
:10684C007B681B681B4A934209D07B681B681A4AF9
:10685C00934204D07B681B68184A934201D10123F0
:10686C0000E00023002B3BD07B689B6DBB607B68FA
:10687C00DB6D03F01F033F229A40BB689A603AE03D
:10688C001000024028000240400002405800024024
:10689C007000024088000240A0000240B800024094
:1068AC0010040240280402404004024058040240F4
:1068BC007004024088040240A0040240B804024064
:1068CC00085402581C54025830540258445402586C
:1068DC00585402586C54025880540258945402581C
:1068EC007B689B6DFB607B68DB6D03F01F030122F3
:1068FC009A40FB685A607B681B684F4A934272D07F
:10690C007B681B684D4A93426DD07B681B684C4A70
:10691C00934268D07B681B684A4A934263D07B6879
:10692C001B68494A93425ED07B681B68474A934276
:10693C0059D07B681B68464A934254D07B681B68CD
:10694C00444A93424FD07B681B68434A93424AD0D7
:10695C007B681B68414A934245D07B681B68404A60
:10696C00934240D07B681B683E4A93423BD07B6885
:10697C001B683D4A934236D07B681B683B4A934266
:10698C0031D07B681B683A4A93422CD07B681B68D9
:10699C00384A934227D07B681B68374A934222D0EF
:1069AC007B681B68354A93421DD07B681B68344A50
:1069BC00934218D07B681B68324A934213D07B6891
:1069CC001B68314A93420ED07B681B682F4A934256
:1069DC0009D07B681B682E4A934204D07B681B68E5
:1069EC002C4A934201D1012300E00023002B15D047
:1069FC007B685B6E7A68926E5A607B68DB6E002BEC
:106A0C000CD07B68DB6E1A687B68DB6E22F48072BC
:106A1C001A607B681B6F7A68526F5A607B68012220
:106A2C0083F835207B68002283F834200023184635
:106A3C001837BD4680BD00BF100002402800024040
:106A4C0040000240580002407000024088000240A2
:106A5C00A0000240B800024010040240280402408A
:106A6C004004024058040240700402408804024072
:106A7C00A0040240B8040240085402581C540258A6
:106A8C003054025844540258585402586C5402580A
:106A9C00805402589454025880B584B000AF78608A
:106AAC007B68002B01D1012337E27B6893F83530EA
:106ABC00DBB2022B04D07B6880225A6501232CE2C6
:106ACC007B681B685C4A93424AD07B681B685B4AB4
:106ADC00934245D07B681B68594A934240D07B68EF
:106AEC001B68584A93423BD07B681B68564A9342BA
:106AFC0036D07B681B68554A934231D07B681B6843
:106B0C00534A93422CD07B681B68524A934227D03D
:106B1C007B681B68504A934222D07B681B684F4AA3
:106B2C0093421DD07B681B684D4A934218D07B68FA
:106B3C001B684C4A934213D07B681B684A4A9342A9
:106B4C000ED07B681B68494A934209D07B681B684E
:106B5C00474A934204D07B681B68464A934201D152
:106B6C00012300E00023002B00F086807B680422C8
:106B7C0083F835207B681B682F4A93424AD07B6888
:106B8C001B682E4A934245D07B681B682C4A934263
:106B9C0040D07B681B682B4A93423BD07B681B68B8
:106BAC00294A934236D07B681B68284A934231D0DD
:106BBC007B681B68264A93422CD07B681B68254A4D
:106BCC00934227D07B681B68234A934222D07B6870
:106BDC001B68224A93421DD07B681B68204A934253
:106BEC0018D07B681B681F4A934213D07B681B68C4
:106BFC001D4A93420ED07B681B681C4A934209D0F5
:106C0C007B681B681A4A934204D07B681B68194A3C
:106C1C00934208D17B681B681A687B681B6822F05A
:106C2C0001021A6078E17B681B681A687B681B6834
:106C3C0022F001021A606FE11000024028000240AD
:106C4C0040000240580002407000024088000240A0
:106C5C00A0000240B8000240100402402804024088
:106C6C004004024058040240700402408804024070
:106C7C00A0040240B80402407B681B68704A93422F
:106C8C004AD07B681B686F4A934245D07B681B686F
:106C9C006D4A934240D07B681B686C4A93423BD050
:106CAC007B681B686A4A934236D07B681B68694ACA
:106CBC00934231D07B681B68674A93422CD07B6827
:106CCC001B68664A934227D07B681B68644A9342D0
:106CDC0022D07B681B68634A93421DD07B681B687B
:106CEC00614A934218D07B681B68604A934213D068
:106CFC007B681B685E4A93420ED07B681B685D4ABA
:106D0C00934209D07B681B685B4A934204D07B6832
:106D1C001B685A4A934208D17B681B681A687B68C7
:106D2C001B6822F001021A6007E07B681B681A6876
:106D3C007B681B6822F001021A607B681B681A686A
:106D4C007B681B6822F00E021A607B681B683C4A49
:106D5C00934272D07B681B683A4A93426DD07B6831
:106D6C001B68394A934268D07B681B68374A934248
:106D7C0063D07B681B68364A93425ED07B681B6885
:106D8C00344A934259D07B681B68334A934254D09F
:106D9C007B681B68314A93424FD07B681B68304A32
:106DAC0093424AD07B681B682E4A934245D07B683D
:106DBC001B682D4A934240D07B681B682B4A934238
:106DCC003BD07B681B682A4A934236D07B681B6891
:106DDC00284A934231D07B681B68274A93422CD0B7
:106DEC007B681B68254A934227D07B681B68244A22
:106DFC00934222D07B681B68224A93421DD07B6849
:106E0C001B68214A934218D07B681B681F4A934227
:106E1C0013D07B681B681E4A93420ED07B681B689C
:106E2C001C4A934209D07B681B681B4A934204D0CE
:106E3C007B681B68194A934232D1012331E000BFB1
:106E4C00100002402800024040000240580002405E
:106E5C007000024088000240A0000240B8000240CE
:106E6C00100402402804024040040240580402402E
:106E7C007004024088040240A0040240B80402409E
:106E8C00085402581C5402583054025844540258A6
:106E9C00585402586C540258805402589454025856
:106EAC000023002B28D07B681B6E1A687B681B6E36
:106EBC0022F480721A607B689B6DFB607B68DB6DD3
:106ECC0003F01F0301229A40FB685A607B685B6EDB
:106EDC007A68926E5A607B68DB6E002B0CD07B68F4
:106EEC00DB6E1A687B68DB6E22F480721A607B683A
:106EFC001B6F7A68526F5A607B68012283F83520C9
:106F0C007B68002283F834207B681B6D002B03D038
:106F1C007B681B6D78689847002318461037BD4670
:106F2C0080BD00BF80B58AB000AF78600023FB60E5
:106F3C00674B1B68674AA2FB03239B0A7B627B6837
:106F4C009B6D3B627B689B6DFB613B6A1B68BB6105
:106F5C00FB691B687B617B681B685F4A93424AD064
:106F6C007B681B685D4A934245D07B681B685C4A12
:106F7C00934240D07B681B685A4A93423BD07B6853
:106F8C001B68594A934236D07B681B68574A934218
:106F9C0031D07B681B68564A93422CD07B681B68A7
:106FAC00544A934227D07B681B68534A934222D0A1
:106FBC007B681B68514A93421DD07B681B68504A02
:106FCC00934218D07B681B684E4A934213D07B685F
:106FDC001B684D4A93420ED07B681B684B4A934208
:106FEC0009D07B681B684A4A934204D07B681B68B3
:106FFC00484A934201D1012300E00023002B00F00A
:10700C002B847B68DB6D03F01F0308229A40BB695D
:10701C001340002B00F0A2807B681B682E4A934221
:10702C004AD07B681B682D4A934245D07B681B680D
:10703C002B4A934240D07B681B682A4A93423BD030
:10704C007B681B68284A934236D07B681B68274AAA
:10705C00934231D07B681B68254A93422CD07B68C5
:10706C001B68244A934227D07B681B68224A9342B0
:10707C0022D07B681B68214A93421DD07B681B6819
:10708C001F4A934218D07B681B681E4A934213D048
:10709C007B681B681C4A93420ED07B681B681B4A9A
:1070AC00934209D07B681B68194A934204D07B68D1
:1070BC001B68184A93422FD17B681B681B6803F02E
:1070CC000403002B14BF01230023DBB22EE000BF0E
:1070DC00E4010024B5814E1B100002402800024040
:1070EC0040000240580002407000024088000240FC
:1070FC00A0000240B80002401004024028040240E4
:10710C0040040240580402407004024088040240CB
:10711C00A0040240B80402407B681B681B6803F0A3
:10712C000803002B14BF01230023DBB2002B15D066
:10713C007B681B681A687B681B6822F004021A6063
:10714C007B68DB6D03F01F0308229A403B6A9A6050
:10715C007B685B6D43F001027B685A657B68DB6D75
:10716C0003F01F03BA6922FA03F303F00103002BA7
:10717C006ED07B681B68694A93424AD07B681B6857
:10718C00674A934245D07B681B68664A934240D05D
:10719C007B681B68644A93423BD07B681B68634ADC
:1071AC00934236D07B681B68614A934231D07B682E
:1071BC001B68604A93422CD07B681B685E4A9342E2
:1071CC0027D07B681B685D4A934222D07B681B6882
:1071DC005B4A93421DD07B681B685A4A934218D075
:1071EC007B681B68584A934213D07B681B68574ACC
:1071FC0093420ED07B681B68554A934209D07B683A
:10720C001B68544A934204D07B681B68524A9342D1
:10721C000AD17B681B685B6903F08003002B14BFE9
:10722C0001230023DBB203E07B681B681B6800238F
:10723C00002B0DD07B68DB6D03F01F0301229A40FD
:10724C003B6A9A607B685B6D43F002027B685A650F
:10725C007B68DB6D03F01F0304229A40BB6913406B
:10726C00002B00F08F807B681B682C4A93424AD01D
:10727C007B681B682A4A934245D07B681B68294A65
:10728C00934240D07B681B68274A93423BD07B6873
:10729C001B68264A934236D07B681B68244A93426B
:1072AC0031D07B681B68234A93422CD07B681B68C7
:1072BC00214A934227D07B681B68204A934222D0F4
:1072CC007B681B681E4A93421DD07B681B681D4A55
:1072DC00934218D07B681B681B4A934213D07B687F
:1072EC001B681A4A93420ED07B681B68184A93425B
:1072FC0009D07B681B68174A934204D07B681B68D3
:10730C00154A93422AD17B681B681B6803F0020361
:10731C00002B14BF01230023DBB223E0100002403A
:10732C002800024040000240580002407000024019
:10733C0088000240A0000240B80002401004024045
:10734C0028040240400402405804024070040240E9
:10735C0088040240A0040240B80402407B681B6809
:10736C001B680023002B0DD07B68DB6D03F01F0323
:10737C0004229A403B6A9A607B685B6D43F004027E
:10738C007B685A657B68DB6D03F01F0310229A4003
:10739C00BB691340002B00F0A6807B681B68854AF4
:1073AC0093424AD07B681B68834A934245D07B68E2
:1073BC001B68824A934240D07B681B68804A934288
:1073CC003BD07B681B687F4A934236D07B681B6836
:1073DC007D4A934231D07B681B687C4A93422CD007
:1073EC007B681B687A4A934227D07B681B68794A72
:1073FC00934222D07B681B68774A93421DD07B68EE
:10740C001B68764A934218D07B681B68744A934277
:10741C0013D07B681B68734A93420ED07B681B6841
:10742C00714A934209D07B681B68704A934204D01E
:10743C007B681B686E4A93420AD17B681B681B6889
:10744C0003F00803002B14BF01230023DBB209E077
:10745C007B681B681B6803F00403002B14BF01231B
:10746C000023DBB2002B3ED07B68DB6D03F01F03E7
:10747C0010229A403B6A9A607B681B681B6803F475
:10748C008023002B18D07B681B681B6803F4002337
:10749C00002B08D17B681B6C002B24D07B681B6CE9
:1074AC00786898471FE07B689B6C002B1BD07B682F
:1074BC009B6C7868984716E07B681B681B6803F424
:1074CC008073002B07D17B681B681A687B681B686C
:1074DC0022F008021A607B681B6C002B03D07B68BF
:1074EC001B6C786898477B68DB6D03F01F032022C8
:1074FC009A40BB691340002B00F010817B681B681D
:10750C002C4A93424AD07B681B682B4A934245D045
:10751C007B681B68294A934240D07B681B68284AC9
:10752C0093423BD07B681B68264A934236D07B68DB
:10753C001B68254A934231D07B681B68234A9342CF
:10754C002CD07B681B68224A934227D07B681B682F
:10755C00204A934222D07B681B681F4A93421DD05D
:10756C007B681B681D4A934218D07B681B681C4AB9
:10757C00934213D07B681B681A4A93420ED07B68E7
:10758C001B68194A934209D07B681B68174A9342BF
:10759C0004D07B681B68164A93422BD17B681B680E
:1075AC001B6803F01003002B14BF01230023DBB274
:1075BC002AE000BF100002402800024040000240B8
:1075CC00580002407000024088000240A0000240B7
:1075DC00B80002401004024028040240400402405B
:1075EC00580402407004024088040240A004024087
:1075FC00B80402407B681B681B6803F00203002B75
:10760C0014BF01230023DBB2002B00F087807B68C2
:10761C00DB6D03F01F0320229A403B6A9A607B6863
:10762C0093F83530DBB2042B39D17B681B681A68B0
:10763C007B681B6822F016021A607B681B685A690B
:10764C007B681B6822F080025A617B681B6C002BE4
:10765C0003D17B689B6C002B07D07B681B681A6876
:10766C007B681B6822F008021A607B68DB6D03F0F4
:10767C001F033F229A403B6A9A607B68012283F881
:10768C0035207B68002283F834207B681B6D002B2F
:10769C0000F04A837B681B6D7868984744E37B68ED
:1076AC001B681B6803F48023002B18D07B681B68B5
:1076BC001B6803F40023002B08D07B685B6C002B49
:1076CC002CD07B685B6C7868984727E07B68DB6B19
:1076DC00002B23D07B68DB6B786898471EE07B68B7
:1076EC001B681B6803F48073002B0FD17B681B682D
:1076FC001A687B681B6822F010021A607B680122F2
:10770C0083F835207B68002283F834207B68DB6BA0
:10771C00002B03D07B68DB6B786898477B685B6DCC
:10772C00002B00F006837B685B6D03F00103002BDC
:10773C0000F088807B68042283F835207B681B6806
:10774C007A4A93424AD07B681B68794A934245D067
:10775C007B681B68774A934240D07B681B68764AEB
:10776C0093423BD07B681B68744A934236D07B684B
:10777C001B68734A934231D07B681B68714A9342F1
:10778C002CD07B681B68704A934227D07B681B689F
:10779C006E4A934222D07B681B686D4A93421DD07F
:1077AC007B681B686B4A934218D07B681B686A4ADB
:1077BC00934213D07B681B68684A93420ED07B6857
:1077CC001B68674A934209D07B681B68654A9342E1
:1077DC0004D07B681B68644A934208D17B681B68A1
:1077EC001A687B681B6822F001021A6007E07B684C
:1077FC001B681A687B681B6822F001021A60FB6820
:10780C000133FB607A6A9A4207D37B681B681B685A
:10781C0003F00103002BF2D100E000BF7B681B6872
:10782C001B6803F00103002B04D07B68032283F850
:10783C00352003E07B68012283F835207B68002229
:10784C0083F834207B68DB6C002B00F072827B6841
:10785C00DB6C786898476CE27B681B68434A934200
:10786C0022D07B681B68424A93421DD07B681B6800
:10787C00404A934218D07B681B683F4A934213D00E
:10788C007B681B683D4A93420ED07B681B683C4A60
:10789C00934209D07B681B683A4A934204D07B68B8
:1078AC001B68394A934201D1012300E00023002BCD
:1078BC0000F03F827B681B681B683B617B68DB6D5B
:1078CC0003F01F0304229A407B691340002B00F045
:1078DC00CD803B6903F00403002B00F0C7807B686C
:1078EC00DB6D03F01F0304229A40FB695A603B696D
:1078FC0003F40043002B49D03B6903F48033002B85
:10790C0009D07B689B6C002B00F010827B689B6C11
:10791C00786898470AE27B681B6C002B00F00682A3
:10792C007B681B6C7868984700E200BF100002402F
:10793C002800024040000240580002407000024003
:10794C0088000240A0000240B8000240100402402F
:10795C0028040240400402405804024070040240D3
:10796C0088040240A0040240B804024008540258A3
:10797C001C5402583054025844540258585402585B
:10798C006C54025880540258945402583B6903F0CA
:10799C002003002B60D17B681B687F4A93424AD03E
:1079AC007B681B687D4A934245D07B681B687C4A88
:1079BC00934240D07B681B687A4A93423BD07B68E9
:1079CC001B68794A934236D07B681B68774A93428E
:1079DC0031D07B681B68764A93422CD07B681B683D
:1079EC00744A934227D07B681B68734A934222D017
:1079FC007B681B68714A93421DD07B681B68704A78
:107A0C00934218D07B681B686E4A934213D07B68F4
:107A1C001B686D4A93420ED07B681B686B4A93427D
:107A2C0009D07B681B686A4A934204D07B681B6848
:107A3C00684A934208D17B681B681A687B681B688C
:107A4C0022F008021A6007E07B681B681A687B68E2
:107A5C001B6822F004021A607B681B6C002B00F080
:107A6C0065817B681B6C786898475FE17B68DB6D90
:107A7C0003F01F0302229A407B691340002B00F095
:107A8C00C5803B6903F00203002B00F0BF807B68CC
:107A9C00DB6D03F01F0302229A40FB695A603B69BD
:107AAC0003F40043002B18D03B6903F48033002B04
:107ABC0009D17B685B6C002B00F03A817B685B6CB6
:107ACC007868984734E17B68DB6B002B00F03081E1
:107ADC007B68DB6B786898472AE13B6903F02003ED
:107AEC00002B40F089807B681B682B4A93424AD05C
:107AFC007B681B68294A934245D07B681B68284ADF
:107B0C00934240D07B681B68264A93423BD07B68EB
:107B1C001B68254A934236D07B681B68234A9342E4
:107B2C0031D07B681B68224A93422CD07B681B683F
:107B3C00204A934227D07B681B681F4A934222D06D
:107B4C007B681B681D4A93421DD07B681B681C4ACE
:107B5C00934218D07B681B681A4A934213D07B68F7
:107B6C001B68194A93420ED07B681B68174A9342D4
:107B7C0009D07B681B68164A934204D07B681B684B
:107B8C00144A934228D17B681B681A687B681B686F
:107B9C0022F014021A6027E0100002402800024074
:107BAC004000024058000240700002408800024031
:107BBC00A0000240B8000240100402402804024019
:107BCC004004024058040240700402408804024001
:107BDC00A0040240B80402407B681B681A687B68EA
:107BEC001B6822F00A021A607B68012283F8352098
:107BFC007B68002283F834207B68DB6B002B00F061
:107C0C0097807B68DB6B7868984791E07B68DB6DCD
:107C1C0003F01F0308229A407B691340002B00F0ED
:107C2C0088803B6903F00803002B00F082807B689E
:107C3C001B68414A93424AD07B681B683F4A934277
:107C4C0045D07B681B683E4A934240D07B681B68DA
:107C5C003C4A93423BD07B681B683B4A934236D0EC
:107C6C007B681B68394A934231D07B681B68384A61
:107C7C0093422CD07B681B68364A934227D07B6892
:107C8C001B68354A934222D07B681B68334A934267
:107C9C001DD07B681B68324A934218D07B681B68E6
:107CAC00304A934213D07B681B682F4A93420ED004
:107CBC007B681B682D4A934209D07B681B682C4A51
:107CCC00934204D07B681B682A4A934208D17B6894
:107CDC001B681A687B681B6822F01C021A6007E09C
:107CEC007B681B681A687B681B6822F00E021A609E
:107CFC007B68DB6D03F01F0301229A40FB695A601D
:107D0C007B6801225A657B68012283F835207B68E9
:107D1C00002283F834207B68DB6C002B09D07B6855
:107D2C00DB6C7868984704E000BF02E000BF00E01D
:107D3C0000BF2837BD4680BD10000240280002401D
:107D4C00400002405800024070000240880002408F
:107D5C00A0000240B8000240100402402804024077
:107D6C00400402405804024070040240880402405F
:107D7C00A0040240B804024080B483B000AF786025
:107D8C007B6893F83530DBB218460C37BD465DF88E
:107D9C00047B704780B483B000AF78607B685B6D08
:107DAC0018460C37BD465DF8047B704780B487B02D
:107DBC0000AFF860B9607A603B60FB689B6D7B61DB
:107DCC00FB689B6D3B61FB681B687F4A934272D0DA
:107DDC00FB681B687D4A93426DD0FB681B687C4A2C
:107DEC00934268D0FB681B687A4A934263D0FB6865
:107DFC001B68794A93425ED0FB681B68774A9342B2
:107E0C0059D0FB681B68764A934254D0FB681B68B8
:107E1C00744A93424FD0FB681B68734A93424AD012
:107E2C00FB681B68714A934245D0FB681B68704A1B
:107E3C00934240D0FB681B686E4A93423BD0FB6870
:107E4C001B686D4A934236D0FB681B686B4A9342A1
:107E5C0031D0FB681B686A4A93422CD0FB681B68C4
:107E6C00684A934227D0FB681B68674A934222D02A
:107E7C00FB681B68654A93421DD0FB681B68644A0B
:107E8C00934218D0FB681B68624A934213D0FB687C
:107E9C001B68614A93420ED0FB681B685F4A934291
:107EAC0009D0FB681B685E4A934204D0FB681B68D0
:107EBC005C4A934201D1012300E00023002B0DD03A
:107ECC00FB685B6EFA68926E5A60FB68DB6E002B87
:107EDC0004D0FB681B6FFA68526F5A60FB681B6812
:107EEC00394A93424AD0FB681B68384A934245D0C2
:107EFC00FB681B68364A934240D0FB681B68354AC6
:107F0C0093423BD0FB681B68334A934236D0FB68E4
:107F1C001B68324A934231D0FB681B68304A93424B
:107F2C002CD0FB681B682F4A934227D0FB681B6838
:107F3C002D4A934222D0FB681B682C4A93421DD0D9
:107F4C00FB681B682A4A934218D0FB681B68294AB5
:107F5C00934213D0FB681B68274A93420ED0FB68F0
:107F6C001B68264A934209D0FB681B68244A93423B
:107F7C0004D0FB681B68234A934201D1012300E023
:107F8C000023002B59D0FB68DB6D03F01F033F224D
:107F9C009A407B699A60FB681B681A68FB681B68CF
:107FAC0022F480221A60FB681B683A685A60FB68EE
:107FBC009B68402B38D1FB681B687A689A60FB6819
:107FCC001B68BA68DA6086E01000024028000240A4
:107FDC0040000240580002407000024088000240FD
:107FEC00A0000240B80002401004024028040240E5
:107FFC0040040240580402407004024088040240CD
:10800C00A0040240B8040240085402581C54025800
:10801C003054025844540258585402586C54025864
:10802C008054025894540258FB681B68BA689A60D2
:10803C00FB681B687A68DA604DE0FB681B68294AAC
:10804C00934222D0FB681B68274A93421DD0FB68E1
:10805C001B68264A934218D0FB681B68244A93423B
:10806C0013D0FB681B68234A93420ED0FB681B6835
:10807C00214A934209D0FB681B68204A934204D0E2
:10808C00FB681B681E4A934201D1012300E00023C8
:10809C00002B20D0FB68DB6D03F01F0301229A40FC
:1080AC003B695A60FB681B683A685A60FB689B68BE
:1080BC00402B08D1FB681B687A689A60FB681B68C8
:1080CC00BA68DA6007E0FB681B68BA689A60FB68FC
:1080DC001B687A68DA6000BF1C37BD465DF8047B0C
:1080EC00704700BF085402581C54025830540258B0
:1080FC0044540258585402586C5402588054025834
:10810C009454025880B485B000AF78607B681B68CB
:10811C00424A93424AD07B681B68414A934245D0FD
:10812C007B681B683F4A934240D07B681B683E4A81
:10813C0093423BD07B681B683C4A934236D07B68A9
:10814C001B683B4A934231D07B681B68394A934287
:10815C002CD07B681B68384A934227D07B681B68FD
:10816C00364A934222D07B681B68354A93421DD015
:10817C007B681B68334A934218D07B681B68324A71
:10818C00934213D07B681B68304A93420ED07B68B5
:10819C001B682F4A934209D07B681B682D4A934277
:1081AC0004D07B681B682C4A934201D1012300E068
:1081BC000023002B24D07B681B68DBB2103B274AC2
:1081CC00A2FB03231B09FB60FB6803F00703244A93
:1081DC00D35C1A467B68DA65FB68032B08D97B688D
:1081EC001B681A461F4B13401A1D7B689A650DE0DD
:1081FC007B681B681A461B4B13407A68936505E035
:10820C007B681B6823F0FF027B689A657B689B6D1B
:10821C0018461437BD465DF8047B704710000240C9
:10822C00280002404000024058000240700002400A
:10823C0088000240A0000240B80002401004024036
:10824C0028040240400402405804024070040240DA
:10825C0088040240A0040240B8040240ABAAAAAAB7
:10826C008060010800FCFFFF80B485B000AF78602F
:10827C000023FB737B689B69002B20D17B689B6A76
:10828C00032B58D801A252F823F000BFA982000892
:10829C00BB820008A9820008438300087B68DB6A64
:1082AC0003F08073002B48D00123FB7345E07B68FF
:1082BC00DB6AB3F1C07F42D10123FB733FE07B68E3
:1082CC009B69B3F5005F23D17B689B6A032B38D87D
:1082DC0001A252F823F000BFF5820008FB820008CF
:1082EC00F58200080D8300080123FB7330E07B68E6
:1082FC00DB6A03F08073002B25D00123FB7322E093
:10830C007B68DB6AB3F1C07F1FD10123FB731CE0D8
:10831C007B689B6A022B02D9032B03D018E0012344
:10832C00FB7315E07B68DB6A03F08073002B0ED0C7
:10833C000123FB730BE000BF0AE000BF08E000BFA5
:10834C0006E000BF04E000BF02E000BF00E000BF99
:10835C00FB7B18461437BD465DF8047B704700BFA5
:10836C0080B485B000AF78607B681B68BB607B68AD
:10837C001B68384A934222D07B681B68364A93426A
:10838C001DD07B681B68354A934218D07B681B68EC
:10839C00334A934213D07B681B68324A93420ED007
:1083AC007B681B68304A934209D07B681B682F4A54
:1083BC00934204D07B681B682D4A934201D1012360
:1083CC0000E00023002B1AD07B681B68DBB2083B53
:1083DC00284AA2FB03231B09FB60FA68264B1344B3
:1083EC009B001A467B681A667B68244A5A66FB68AF
:1083FC0003F01F0301229A407B689A6624E07B6895
:10840C001B68DBB2103B1E4AA2FB03231B09FB605B
:10841C00BB681C4A934206D8BB681B4A934202D9DC
:10842C00FB680833FB60FA68184B13449B001A4630
:10843C007B681A667B68164A5A66FB6803F01F0352
:10844C0001229A407B689A6600BF1437BD465DF8DE
:10845C00047B7047085402581C540258305402587C
:10846C0044540258585402586C54025880540258C0
:10847C0094540258CDCCCCCC00960016805802589F
:10848C00ABAAAAAAB80402400F0402400082001052
:10849C008008024080B485B000AF78607B685B6870
:1084AC00DBB2FB60FB68002B4AD0FB68082B47D87B
:1084BC007B681B68254A934222D07B681B68244A40
:1084CC0093421DD07B681B68224A934218D07B686C
:1084DC001B68214A934213D07B681B681F4A934246
:1084EC000ED07B681B681E4A934209D07B681B68C0
:1084FC001C4A934204D07B681B681B4A934201D1EF
:10850C00012300E00023002B0AD0FA68174B134418
:10851C009B001A467B68DA667B68154A1A6709E085
:10852C00FA68144B13449B001A467B68DA667B6826
:10853C00114A1A67FB68013B01229A407B685A6713
:10854C0000BF1437BD465DF8047B704708540258D1
:10855C001C5402583054025844540258585402586F
:10856C006C54025880540258945402583F9600168A
:10857C00405902583F8200104009024080B58AB031
:10858C0000AFF860B9607A60BB683B627B68FB61E6
:10859C000823FB762F4B1B7D012B01D1022354E0CA
:1085AC002C4B01221A75BB68B3F1006F16D3BB6854
:1085BC00B3F1016F12D201237B6100BF254B002266
:1085CC009A6179694CF2503000F082F8034687F8D2
:1085DC00273097F82730002B32D101E0012334E00B
:1085EC001D4BDB681C4A43F00203D360BFF36F8F53
:1085FC0000BFBFF34F8F00BFFB691A683B6A1A605C
:10860C003B6A04333B62FB690433FB61FB7E013B39
:10861C00FB76FB7E002BEFD1BFF36F8F00BFBFF358
:10862C004F8F00BF79694CF2503000F051F803467F
:10863C0087F82730084BDB68074A23F00203D36026
:10864C00044B00221A7597F8273018462837BD4678
:10865C0080BD00BF740D00240020005280B400AF18
:10866C000C4BDB6803F00103002B0DD0094B0A4ABD
:10867C005A60084B094A5A60064BDB6803F0010349
:10868C00002B01D0012300E000231846BD465DF805
:10869C00047B70470020005223016745AB89EFCD66
:1086AC0080B400AF094BDB68084A43F00103D36088
:1086BC00064BDB6803F00103002B01D1012300E022
:1086CC0000231846BD465DF8047B7047002000521D
:1086DC0080B586B000AF7860396004233B6100231D
:1086EC007B61FCF741FFF86010E07B68B3F1FF3F62
:1086FC000CD0FCF739FF0246FB68D31A7A689A4211
:10870C0002D37B68002B01D103232DE0184B1A698F
:10871C003B6913403A699A42E7D03B68012B04D17C
:10872C00134B1A69134B13407B617B6923F0004395
:10873C00002B0AD0104B9A697B6913430E4A936144
:10874C000B4A7B69536101230EE03B68012B0AD174
:10875C00074B1B6903F48033B3F5803F03D1044B03
:10876C004FF480325A61002318461837BD4680BD3D
:10877C00002000520000EE17740D002480B584B068
:10878C0000AF786039600023FB733F4B1B7D012BDE
:10879C0001D1022374E03C4B01221A753A4B0022A2
:1087AC009A617B685B6803F00103002B09D00121FF
:1087BC004CF25030FFF78CFF0346002B01D0012305
:1087CC00FB73FB7B002B57D17B681B68012B1ED1E5
:1087DC007B681A697B685B681946104600F05AF88A
:1087EC007B685B6803F00103002B45D001214CF240
:1087FC005030FFF76DFF0346002B01D00123FB73B4
:10880C00224BDB68214A23F00803D36034E03B6839
:10881C004FF0FF321A607B689B68BB6024E07B687A
:10882C0059687B681B691A46B86800F057F87B6872
:10883C005B6803F00103002B0CD001214CF250308B
:10884C00FFF746FF0346FB73104BDA680F49104BDA
:10885C001340CB60FB7B002B03D03B68BA681A60DB
:10886C000AE0BB680133BB607B68DA687B689B6895
:10887C001344BA689A42D2D3034B00221A75FB7B7D
:10888C0018461037BD4680BD740D002400200052E0
:10889C00FBF8FFFF80B483B000AF786039603B68B1
:1088AC0003F00103002B11D00B4BDB680A4A23F0B9
:1088BC003003D360084BDA6807497B681343CB60FD
:1088CC00054BDB68044A43F08803D36000BF0C37C8
:1088DC00BD465DF8047B70470020005280B485B023
:1088EC0000AFF860B9607A60BB6803F00103002B3D
:1088FC0010D00B4BDB680A4A23F4E663D360084BB9
:10890C00DA68FB6819027B680B431343044A43F093
:10891C008403D36000BF1437BD465DF8047B7047F9
:10892C000020005280B489B000AF78603960002319
:10893C00FB618B4B7B6196E13B681A680121FB69FB
:10894C0001FA03F313403B613B69002B00F0888173
:10895C003B685B6803F00303012B05D03B685B6845
:10896C0003F00303022B30D17B689B68BB61FB696E
:10897C005B00032202FA03F3DB43BA691340BB61C9
:10898C003B68DA68FB695B0002FA03F3BA691343CC
:10899C00BB617B68BA699A607B685B68BB610122CA
:1089AC00FB6902FA03F3DB43BA691340BB613B6812
:1089BC005B681B0903F00102FB6902FA03F3BA6955
:1089CC001343BB617B68BA695A603B685B6803F010
:1089DC000303032B09D13B685B6803F00303032BF0
:1089EC001BD13B689B68012B17D07B68DB68BB6194
:1089FC00FB695B00032202FA03F3DB43BA69134001
:108A0C00BB613B689A68FB695B0002FA03F3BA69C5
:108A1C001343BB617B68BA69DA603B685B6803F03F
:108A2C000303022B23D1FB69DA087B68083253F865
:108A3C002230BB61FB6903F007039B000F2202FA93
:108A4C0003F3DB43BA691340BB613B681A69FB69EA
:108A5C0003F007039B0002FA03F3BA691343BB61EB
:108A6C00FB69DA087B680832B96943F822107B6825
:108A7C001B68BB61FB695B00032202FA03F3DB4357
:108A8C00BA691340BB613B685B6803F00302FB6986
:108A9C005B0002FA03F3BA691343BB617B68BA69E2
:108AAC001A603B685B6803F44033002B00F0D880FD
:108ABC002C4BD3F8F4302B4A43F00203C2F8F430B9
:108ACC00284BD3F8F43003F00203FB60FB68264A12
:108ADC00FB699B08023352F82330BB61FB6903F03E
:108AEC0003039B000F2202FA03F3DB43BA69134022
:108AFC00BB617B681D4A93424AD07B681C4A9342F7
:108B0C002BD07B681B4A934225D07B681A4A934230
:108B1C001FD07B68194A934219D07B68184A93423C
:108B2C0013D07B68174A93420DD07B68164A934248
:108B3C0007D07B68154A934201D1092329E00A2307
:108B4C0027E0072325E0062323E0052321E0042367
:108B5C001FE003231DE002231BE0012319E000BFEB
:108B6C0080000058004402580004005800000258CD
:108B7C000004025800080258000C02580010025859
:108B8C000014025800180258001C02580024025805
:108B9C000023FA6902F0030292009340BA6913436E
:108BAC00BB613849FB699B080233BA6941F8232041
:108BBC004FF0B0431B68BB613B69DB43BA691340A0
:108BCC00BB613B685B6803F48013002B03D0BA696C
:108BDC003B691343BB614FF0B042BB6913604FF06C
:108BEC00B0435B68BB613B69DB43BA691340BB6153
:108BFC003B685B6803F40013002B03D0BA693B6934
:108C0C001343BB614FF0B042BB6953607B695B6837
:108C1C00BB613B69DB43BA691340BB613B685B6872
:108C2C0003F40033002B03D0BA693B691343BB61D7
:108C3C007B69BA695A607B691B68BB613B69DB4322
:108C4C00BA691340BB613B685B6803F48033002B4B
:108C5C0003D0BA693B691343BB617B69BA691A607B
:108C6C00FB690133FB613B681A68FB6922FA03F369
:108C7C00002B7FF461AE00BF00BF2437BD465DF80A
:108C8C00047B70470004005880B485B000AF786056
:108C9C000B467B807B681A697B881340002B02D0C3
:108CAC000123FB7301E00023FB73FB7B1846143795
:108CBC00BD465DF8047B704780B483B000AF78602C
:108CCC000B467B8013467B707B78002B03D07A8815
:108CDC007B689A6103E07B881A047B689A6100BF09
:108CEC000C37BD465DF8047B704780B582B000AF91
:108CFC000346FB804FF0B043D3F88820FB88134029
:108D0C00002B08D04FF0B042FB88C2F88830FB88AB
:108D1C001846FAF799FB00BF0837BD4680BD000026
:108D2C0080B582B000AF78607B68002B01D1012345
:108D3C008BE07B6893F84130DBB2002B06D17B686B
:108D4C00002283F840207868FBF7BEFE7B68242263
:108D5C0083F841207B681B681A687B681B6822F0CB
:108D6C0001021A607B685A687B681B6822F070628B
:108D7C001A617B681B689A687B681B6822F4004246
:108D8C009A607B68DB68012B07D17B689A687B68EB
:108D9C001B6842F400429A6006E07B689A687B6824
:108DAC001B6842F404429A607B68DB68022B08D192
:108DBC007B681B685A687B681B6842F400625A60C7
:108DCC0007E07B681B685A687B681B6822F40062AA
:108DDC005A607B681B6859687B681A681D4B0B438B
:108DEC0053607B681B68DA687B681B6822F400425E
:108DFC00DA607B681A697B685B6942EA03017B680D
:108E0C009B691A027B681B680A43DA607B68D96924
:108E1C007B681A6A7B681B680A431A607B681B684C
:108E2C001A687B681B6842F001021A607B6800229A
:108E3C005A647B68202283F841207B6800221A63E5
:108E4C007B68002283F84220002318460837BD4671
:108E5C0080BD00BF0080000280B588B002AFF86012
:108E6C00084611461A4603467B810B463B81134646
:108E7C00FB80FB6893F84130DBB2202B40F0F9808B
:108E8C003B6A002B02D0BB8C002B05D1FB684FF446
:108E9C0000725A640123EDE0FB6893F84030012B1B
:108EAC0001D10223E6E0FB68012283F84020FCF7A5
:108EBC005BFB78617B690093192301224FF400411D
:108ECC00F86802F02BF90346002B01D00123D1E006
:108EDC00FB68212283F84120FB68402283F8422062
:108EEC00FB6800225A64FB683A6A5A62FB68BA8CC7
:108EFC005A85FB6800225A63F8883A8979897B691C
:108F0C000193BB6A00930346F86801F0E7F8034647
:108F1C00002B05D0FB68002283F840200123A9E038
:108F2C00FB685B8D9BB2FF2B0ED9FB68FF221A8569
:108F3C00FB681B8DDAB27989002300934FF08073A4
:108F4C00F86802F0AFFA0FE0FB685B8D9AB2FB6831
:108F5C001A85FB681B8DDAB27989002300934FF0D8
:108F6C000073F86802F09EFA7A69B96AF86802F040
:108F7C002EF90346002B01D001237BE0FB685B6AD2
:108F8C001A78FB681B689A62FB685B6A5A1CFB6860
:108F9C005A62FB685B8D9BB2013B9AB2FB685A85A7
:108FAC00FB681B8D013B9AB2FB681A85FB685B8DD5
:108FBC009BB2002B34D0FB681B8D002B30D17B690E
:108FCC000093BB6A00228021F86802F0A7F80346E0
:108FDC00002B01D001234DE0FB685B8D9BB2FF2B76
:108FEC000ED9FB68FF221A85FB681B8DDAB27989D2
:108FFC00002300934FF08073F86802F053FA0FE0EF
:10900C00FB685B8D9AB2FB681A85FB681B8DDAB224
:10901C007989002300934FF00073F86802F042FA4C
:10902C00FB685B8D9BB2002B9ED17A69B96AF8689C
:10903C0002F014F90346002B01D001231AE0FB685F
:10904C001B682022DA61FB681B685968FB681A6888
:10905C000A4B0B405360FB68202283F84120FB68CD
:10906C00002283F84220FB68002283F84020002372
:10907C0000E0022318461837BD4680BD00E800FE0C
:10908C0080B588B002AFF860084611461A46034610
:10909C007B810B463B811346FB80FB6893F8413088
:1090AC00DBB2202B40F0FD803B6A002B02D0BB8C46
:1090BC00002B05D1FB684FF400725A640123F1E0D8
:1090CC00FB6893F84030012B01D10223EAE0FB68E6
:1090DC00012283F84020FCF747FA78617B69009302
:1090EC00192301224FF40041F86802F017F80346E7
:1090FC00002B01D00123D5E0FB68222283F841200C
:10910C00FB68402283F84220FB6800225A64FB680B
:10911C003A6A5A62FB68BA8C5A85FB6800225A6319
:10912C00F8883A8979897B690193BB6A0093034675
:10913C00F86801F027F80346002B05D0FB680022E5
:10914C0083F840200123ADE0FB685B8D9BB2FF2BC5
:10915C000ED9FB68FF221A85FB681B8DDAB2798960
:10916C00524B00934FF08073F86802F09BF90FE0BC
:10917C00FB685B8D9AB2FB681A85FB681B8DDAB2B3
:10918C0079894A4B00934FF00073F86802F08AF922
:10919C007B690093BB6A00220421F86801F0BEFFD2
:1091AC000346002B01D001237CE0FB681B685A6A44
:1091BC00FB685B6AD2B21A70FB685B6A5A1CFB686C
:1091CC005A62FB681B8D013B9AB2FB681A85FB68DF
:1091DC005B8D9BB2013B9AB2FB685A85FB685B8D39
:1091EC009BB2002B34D0FB681B8D002B30D17B69DC
:1091FC000093BB6A00228021F86801F08FFF0346C0
:10920C00002B01D001234DE0FB685B8D9BB2FF2B43
:10921C000ED9FB68FF221A85FB681B8DDAB279899F
:10922C00002300934FF08073F86802F03BF90FE0D5
:10923C00FB685B8D9AB2FB681A85FB681B8DDAB2F2
:10924C007989002300934FF00073F86802F02AF933
:10925C00FB685B8D9BB2002B9AD17A69B96AF8686E
:10926C0001F0FCFF0346002B01D001231AE0FB6840
:10927C001B682022DA61FB681B685968FB681A6856
:10928C000B4B0B405360FB68202283F84120FB689A
:10929C00002283F84220FB68002283F84020002340
:1092AC0000E0022318461837BD4680BD002400801C
:1092BC0000E800FE80B588B002AFF86008461146A1
:1092CC001A4603467B810B463B811346FB80FB68A9
:1092DC0093F84130DBB2202B40F0C2803B6A002B6C
:1092EC0002D0BB8C002B05D1FB684FF400725A6482
:1092FC000123B6E0FB681B689B6903F40043B3F5DC
:10930C00004F01D10223ACE0FB6893F84030012BF5
:10931C0001D10223A5E0FB68012283F84020FB6801
:10932C00222283F84120FB68402283F84220FB680C
:10933C0000225A64FB683A6A5A62FB68BA8C5A85F6
:10934C00FB684A4ADA62FB68494A5A637A89FB68C5
:10935C00DA64FB685B8D9BB2FF2B03D9FB68FF22A1
:10936C001A8504E0FB685B8D9AB2FB681A85FB8852
:10937C00012B09D13B89DAB2FB681B689A62FB6846
:10938C004FF0FF321A650BE03B891B0A9BB2DAB235
:10939C00FB681B689A623B89DBB21A46FB681A654C
:1093AC00FB68DB6B002B20D0FB68DB6B314ADA638C
:1093BC00FB68DB6B304ADA64FB68DB6B00221A64F7
:1093CC00FB68DB6B00221A65FB68D86BFB681B68BB
:1093DC00243319463A6AFB681B8DFCF7D5FD03460E
:1093EC00FB75FB7D002B27D113E0FB68202283F853
:1093FC004120FB68002283F84220FB685B6C43F041
:10940C008002FB685A64FB68002283F84020012329
:10941C0027E0FB88DAB27989184B00930023F868AF
:10942C0002F040F8FB68002283F840200121F86824
:10943C0002F06AF8002314E0FB68202283F8412034
:10944C00FB68002283F84220FB685B6C43F010023F
:10945C00FB685A64FB68002283F84020012300E07B
:10946C00022318461837BD4680BD00BF0000FFFF21
:10947C00C19A0008E3AD000879AE00080020008016
:10948C0080B586B002AF78600B467B807B6893F822
:10949C004230FB73FB7B102B02D0FB7B402B3CD16F
:1094AC007B6893F84030012B01D1022336E07B68B6
:1094BC00012283F840207B6893F84130DBB2212BEA
:1094CC0007D10121786802F0A3F87B6811221A6396
:1094DC000CE07B6893F84130DBB2222B06D10221E1
:1094EC00786802F095F87B6812221A637B68602218
:1094FC0083F8412079880B4B00934FF000730122C5
:10950C00786801F0CFFF7B68002283F8402020218F
:10951C00786801F0F9FF002300E0012318461037AA
:10952C00BD4680BD0040008080B584B000AF78603F
:10953C007B681B689B69FB607B681B681B68BB6056
:10954C007B685B6B002B05D07B685B6BBA68F9683A
:10955C007868984700BF1037BD4680BD80B586B08F
:10956C0000AF78607B681B689B697B617B681B68BC
:10957C001B683B617B691B0A03F00103002B10D0B5
:10958C003B69DB0903F00103002B0AD07B685B6CA1
:10959C0043F001027B685A647B681B684FF480724D
:1095AC00DA617B699B0A03F00103002B10D03B6945
:1095BC00DB0903F00103002B0AD07B685B6C43F0E2
:1095CC0008027B685A647B681B684FF48062DA611E
:1095DC007B695B0A03F00103002B10D03B69DB09AC
:1095EC0003F00103002B0AD07B685B6C43F0020292
:1095FC007B685A647B681B684FF40072DA617B6885
:10960C005B6CFB60FB6803F00B03002B03D0F96869
:10961C00786801F0A5FA00BF1837BD4680BD80B44C
:10962C0083B000AF786000BF0C37BD465DF8047B9B
:10963C00704780B483B000AF786000BF0C37BD4674
:10964C005DF8047B704780B483B000AF786000BFD6
:10965C000C37BD465DF8047B704780B483B000AF17
:10966C00786000BF0C37BD465DF8047B704780B452
:10967C0083B000AF78600B46FB7013463B8000BF95
:10968C000C37BD465DF8047B704780B483B000AFE7
:10969C00786000BF0C37BD465DF8047B704780B422
:1096AC0083B000AF786000BF0C37BD465DF8047B1B
:1096BC00704780B483B000AF786000BF0C37BD46F4
:1096CC005DF8047B704780B586B000AFF860B96078
:1096DC007A60FB68DB6A7B61BB683B61FB6893F873
:1096EC004030012B01D10223EDE0FB68012283F80D
:1096FC0040203B695B0903F00103002B0AD07B6817
:10970C005B0903F00103002B04D03969F86800F001
:10971C0077FFD3E03B691B0903F00103002B4DD00D
:10972C007B681B0903F00103002B47D0FB685B8DA2
:10973C009BB2002B28D1FB6893F84130DBB2282B6D
:10974C0008D17B69B3F1007F04D13969F86801F065
:10975C00B1F932E0FB6893F84130DBB2292B0ED122
:10976C007B6913F5803F0AD0FB681B681022DA6115
:10977C00F86801F00CFBF86800F019FE1DE0FB68BE
:10978C001B681022DA6196E0FB681B681022DA6114
:10979C00FB685B6C43F00402FB685A647B69002B2A
:1097AC0004D07B69B3F1807F40F08580FB685B6CF3
:1097BC001946F86801F0D4F97DE07CE03B699B0820
:1097CC0003F00103002B30D07B689B0803F00103EE
:1097DC00002B2AD0FB685B8D9BB2002B18D0FB684A
:1097EC001B685A6AFB685B6AD2B21A70FB685B6AC8
:1097FC005A1CFB685A62FB681B8D013B9AB2FB68D2
:10980C001A85FB685B8D9BB2013B9AB2FB685A854B
:10981C00FB685B8D9BB2002B4FD17B6913F5803FAE
:10982C004BD0F86800F0C3FD47E03B69DB0803F060
:10983C000103002B0AD07B68DB0803F00103002B2B
:10984C0004D03969F86800F0F1FC37E03B695B083B
:10985C0003F00103002B31D07B685B0803F001039C
:10986C00002B2BD0FB685B8D9BB2002B18D0FB68B8
:10987C005B6A1A78FB681B689A62FB685B6A5A1C05
:10988C00FB685A62FB685B8D9BB2013B9AB2FB682A
:10989C005A85FB681B8D013B9AB2FB681A850DE05B
:1098AC007B69B3F1807F02D07B69002B06D1F8680D
:1098BC0000F07DFD02E000BF00E000BFFB6800226D
:1098CC0083F84020002318461837BD4680BD80B56C
:1098DC0088B002AFF860B9607A60FB6893F84030EA
:1098EC00012B01D10223E1E0FB68012283F8402027
:1098FC00BB681B0903F00103002B17D07B681B0905
:10990C0003F00103002B11D0FB681B681022DA61F5
:10991C00FB685B6C43F00402FB685A642021F86816
:10992C0001F0F2FDF86801F032FABAE0BB68DB092D
:10993C0003F00103002B72D07B689B0903F0010339
:10994C00002B6CD0FB681B681A68FB681B6822F044
:10995C0040021A60FB685B8D9BB2002B4ED0FB68FB
:10996C001B685B689BB2C3F309037B82FB685B8D4E
:10997C009BB2FF2B06D9FB68FF221A854FF0807330
:10998C007B6110E0FB685B8D9AB2FB681A85FB6803
:10999C00DB6A13F5803F03D0FB68DB6A7B6102E076
:1099AC004FF000737B61FB681B8DDAB2798A002360
:1099BC0000937B69F86801F075FDFB685B8D9AB2CA
:1099CC00FB681B8DD31A9AB2FB685A85FB6893F817
:1099DC004130DBB2222B08D1FB681B681A68FB688C
:1099EC001B6842F400421A605BE0FB681B681A6853
:1099FC00FB681B6842F480421A6052E0FB681B68EB
:109A0C005B6803F00073B3F1007F03D0F86800F0DB
:109A1C0091FC46E04021F86801F0A2F841E0BB68F7
:109A2C009B0903F00103002B29D07B689B0903F0F1
:109A3C000103002B23D0FB685B8D9BB2002B19D14B
:109A4C00FB681B685B6803F00073B3F1007F27D0E1
:109A5C00FB68DB6A13F5803F08D1FB681B685A680A
:109A6C00FB681B6842F480425A6019E0F86800F009
:109A7C0061FC15E04021F86801F072F810E0BB6859
:109A8C005B0903F00103002B0BD07B685B0903F02F
:109A9C000103002B05D0B968F86800F0E7FC00E082
:109AAC0000BFFB68002283F84020002318461837BB
:109ABC00BD4680BD80B588B002AFF860B9607A60F1
:109ACC00924B7B61FB6893F84030012B01D1022350
:109ADC0018E1FB68012283F84020BB681B0903F0E6
:109AEC000103002B17D07B681B0903F00103002B2B
:109AFC0011D0FB681B681022DA61FB685B6C43F0C9
:109B0C000402FB685A642021F86801F0FDFCF86837
:109B1C0001F03DF9F1E0BB685B0803F00103002B99
:109B2C000FD07B685B0803F00103002B09D0FB68A6
:109B3C001B68FA68126D9A62FB684FF0FF321A6567
:109B4C00DBE0BB68DB0903F00103002B60D07B6812
:109B5C009B0903F00103002B5AD00121F86801F096
:109B6C0057FD1021F86801F0CFFCFB685B8D9BB2B0
:109B7C00002B48D0FB685B8D9BB2FF2B10D9FB6888
:109B8C00FF221A85FB68DB6C99B2FB681B8DDAB27D
:109B9C00002300934FF08073F86801F083FC11E010
:109BAC00FB685B8D9AB2FB681A85FB68DB6C99B21B
:109BBC00FB681B8DDAB2002300934FF00073F8683A
:109BCC0001F070FCFB685B8D9AB2FB681B8DD31A9D
:109BDC009AB2FB685A85FB6893F84130DBB2222BB2
:109BEC0008D1FB681B681A68FB681B6842F40042CA
:109BFC001A6082E0FB681B681A68FB681B6842F4F9
:109C0C0080421A6079E04021F86800F0A9FF74E006
:109C1C00BB689B0903F00103002B5ED07B689B099A
:109C2C0003F00103002B58D00121F86801F0F0FC7F
:109C3C001021F86801F068FCFB6893F84130DBB246
:109C4C00222B01D1324B7B61FB685B8D9BB2FF2BCE
:109C5C0010D9FB68FF221A85FB68DB6C99B2FB6894
:109C6C001B8DDAB27B6900934FF08073F86801F0BA
:109C7C0019FC11E0FB685B8D9AB2FB681A85FB68D6
:109C8C00DB6C99B2FB681B8DDAB27B6900934FF0E9
:109C9C000073F86801F006FCFB685B8D9AB2FB68F8
:109CAC001B8DD31A9AB2FB685A85FB6893F8413026
:109CBC00DBB2222B08D1FB681B681A68FB681B6897
:109CCC0042F400421A6018E0FB681B681A68FB68D3
:109CDC001B6842F480421A600FE0BB685B0903F01A
:109CEC000103002B09D07B685B0903F00103002BF7
:109CFC0003D0B968F86800F0B9FBFB68002283F860
:109D0C004020002318461837BD4680BD0020008037
:109D1C000024008080B588B000AFF860B9607A602C
:109D2C00FB68DB6ABB610023FB61FB6893F8403086
:109D3C00012B01D10223CCE1FB68012283F84020E6
:109D4C00BB685B0903F00103002B0AD07B685B093D
:109D5C0003F00103002B04D0B968F86800F050FC44
:109D6C00B2E1BB681B0903F00103002B00F09C81DE
:109D7C007B681B0903F00103002B00F095817B68C5
:109D8C009B0B03F00103002B06D17B68DB0B03F06C
:109D9C000103002B00F08181FB68DB6B002B7CD076
:109DAC007B68DB0B03F00103002B76D0FB68DB6BCD
:109DBC001B68754A934259D0FB68DB6B1B68734A6E
:109DCC00934253D0FB68DB6B1B68714A93424DD0B6
:109DDC00FB68DB6B1B686F4A934247D0FB68DB6BFD
:109DEC001B686D4A934241D0FB68DB6B1B686B4A66
:109DFC0093423BD0FB68DB6B1B68694A934235D0BE
:109E0C00FB68DB6B1B68674A93422FD0FB68DB6BEC
:109E1C001B68654A934229D0FB68DB6B1B68634A5D
:109E2C00934223D0FB68DB6B1B68614A93421DD0C5
:109E3C00FB68DB6B1B685F4A934217D0FB68DB6BDC
:109E4C001B685D4A934211D0FB68DB6B1B685B4A55
:109E5C0093420BD0FB68DB6B1B68594A934205D0CD
:109E6C00FB68DB6B1B68574A934209D1FB68DB6BC1
:109E7C001B685B68002B0CBF01230023DBB208E0DE
:109E8C00FB68DB6B1B685B68002B0CBF012300239A
:109E9C00DBB2002B01D00123FB61FB689B6B002B19
:109EAC0000F09F807B689B0B03F00103002B00F0FC
:109EBC009880FB689B6B1B68334A934259D0FB68B4
:109ECC009B6B1B68314A934253D0FB689B6B1B689E
:109EDC002F4A93424DD0FB689B6B1B682D4A9342D3
:109EEC0047D0FB689B6B1B682B4A934241D0FB68A5
:109EFC009B6B1B68294A93423BD0FB689B6B1B688E
:109F0C00274A934235D0FB689B6B1B68254A9342CA
:109F1C002FD0FB689B6B1B68234A934229D0FB68AC
:109F2C009B6B1B68214A934223D0FB689B6B1B687D
:109F3C001F4A93421DD0FB689B6B1B681D4A9342C2
:109F4C0017D0FB689B6B1B681B4A934211D0FB68B4
:109F5C009B6B1B68194A93420BD0FB689B6B1B686D
:109F6C00174A934205D0FB689B6B1B68154A9342BA
:109F7C002AD1FB689B6B1B685B68002B0CBF012311
:109F8C000023DBB229E000BF100002402800024091
:109F9C00400002405800024070000240880002401D
:109FAC00A0000240B8000240100402402804024005
:109FBC0040040240580402407004024088040240ED
:109FCC00A0040240B8040240FB689B6B1B685B68F2
:109FDC00002B0CBF01230023DBB2002B01D001238B
:109FEC00FB61FB69012B28D1FB6893F84130DBB294
:109FFC00282B08D1BB69B3F1007F04D1B968F8688C
:10A00C0000F058FD48E0FB6893F84130DBB2292B97
:10A01C000ED1BB6913F5803F0AD0FB681B68102278
:10A02C00DA61F86800F0B3FEF86800F0C0F933E0CC
:10A03C00FB681B681022DA6134E0FB681B68102295
:10A04C00DA61FB685B6C43F00402FB685A64FB68E2
:10A05C0093F84130FB75BB69002B03D0BB69B3F19E
:10A06C00807F1FD1FB7D212B02D0FB7D292B03D1BF
:10A07C00FB6821221A6308E0FB7D222B02D0FB7DBA
:10A08C002A2B02D1FB6822221A63FB685B6C1946EF
:10A09C00F86800F065FD05E004E0FB681B68102221
:10A0AC00DA6111E000BF0FE0BB68DB0803F00103CD
:10A0BC00002B09D07B68DB0803F00103002B03D0D5
:10A0CC00B968F86800F0B2F8FB68002283F8402009
:10A0DC00002318462037BD4680BD00BF80B586B032
:10A0EC0002AFF860084611461A4603467B810B46C0
:10A0FC003B811346FB80FB88DAB27989204B0093B5
:10A10C004FF08073F86801F0CDF9FA69B969F86815
:10A11C0001F05DF80346002B01D001232CE0FB88F5
:10A12C00012B05D13B89DAB2FB681B689A6215E0FA
:10A13C003B891B0A9BB2DAB2FB681B689A62FA690C
:10A14C00B969F86801F043F80346002B01D00123EC
:10A15C0012E03B89DAB2FB681B689A62FB690093D8
:10A16C00BB6900228021F86800F0D8FF0346002B61
:10A17C0001D0012300E0002318461037BD4680BDF6
:10A18C000020008080B586B002AFF860084611460A
:10A19C001A4603467B810B463B811346FB80FB88AA
:10A1AC00DAB27989204B00930023F86801F07AF930
:10A1BC00FA69B969F86801F00AF80346002B01D076
:10A1CC0001232CE0FB88012B05D13B89DAB2FB681B
:10A1DC001B689A6215E03B891B0A9BB2DAB2FB68DA
:10A1EC001B689A62FA69B969F86800F0F0FF0346D7
:10A1FC00002B01D0012312E03B89DAB2FB681B680B
:10A20C009A62FB690093BB6900224021F86800F058
:10A21C0085FF0346002B01D0012300E000231846E4
:10A22C001037BD4680BD00BF0020008080B584B0D3
:10A23C0000AF786039607B6893F84130DBB203F093
:10A24C002803282B6AD17B681B689B691B0CDBB22B
:10A25C0003F00103FB737B681B689B691B0C9BB2AF
:10A26C0003F0FE03BB817B681B689B689BB2C3F346
:10A27C0009037B817B681B68DB689BB203F0FE03E0
:10A28C003B817B68DB68022B38D17B89DB099AB276
:10A29C00BB8953409BB203F00603002B1CD17B8976
:10A2AC00BB817B689B6C5A1C7B689A647B689B6C3B
:10A2BC00022B3BD17B6800229A647B681B680822C6
:10A2CC00DA617B68002283F84020BA89FB7B19464F
:10A2DC007868FFF7CCF929E03B89BB814FF400414A
:10A2EC00786801F095F97B68002283F84020BA89E0
:10A2FC00FB7B19467868FFF7BAF917E04FF4004179
:10A30C00786801F085F97B68002283F84020BA89CF
:10A31C00FB7B19467868FFF7AAF907E07B681B6896
:10A32C000822DA617B68002283F8402000BF1037D6
:10A33C00BD4680BD80B582B000AF78607B680022DE
:10A34C0083F842207B6893F84130DBB2212B15D186
:10A35C007B68202283F841207B6811221A637B687A
:10A36C0000225A630121786801F052F97B680022BF
:10A37C0083F840207868FFF752F914E07B682022BC
:10A38C0083F841207B6812221A637B6800225A638F
:10A39C000221786801F03CF97B68002283F84020A8
:10A3AC007868FFF746F900BF0837BD4680BD80B519
:10A3BC0084B000AF78607B681B681B68FB607B68AF
:10A3CC00002283F84220FB689B0B03F00103002B57
:10A3DC0008D07B681B681A687B681B6822F4804273
:10A3EC001A600DE0FB68DB0B03F00103002B07D0B8
:10A3FC007B681B681A687B681B6822F400421A6031
:10A40C007B6893F84130DBB2292B12D17B68282270
:10A41C0083F841207B6821221A630121786801F0BE
:10A42C00F7F87B68002283F840207868FFF70BF977
:10A43C0017E07B6893F84130DBB22A2B11D17B6893
:10A44C00282283F841207B6822221A630221786833
:10A45C0001F0DEF87B68002283F840207868FFF773
:10A46C00FCF800BF1037BD4680BD000080B586B03B
:10A47C0000AF786039603B687B617B681B68202289
:10A48C00DA617B6893F84130DBB2212B07D10121D3
:10A49C00786801F0BDF87B6811221A630CE07B68C8
:10A4AC0093F84130DBB2222B06D10221786801F0FF
:10A4BC00AFF87B6812221A637B681B6859687B684B
:10A4CC001A684D4B0B4053607B6800225A637B68C3
:10A4DC004A4ADA627B691B0903F00103002B09D09D
:10A4EC007B681B681022DA617B685B6C43F00402AA
:10A4FC007B685A647B6893F84130DBB2602B0BD1DC
:10A50C007B699B0803F00103002B05D07B681B685B
:10A51C005B6ADBB2FB60FB68786800F038FC7B6838
:10A52C005B6C3B617B6893F84130DBB2602B02D0F3
:10A53C003B69002B06D07B685B6C1946786800F091
:10A54C000FFB54E07B6893F84130DBB2212B24D114
:10A55C007B68202283F841207B6800221A637B6889
:10A56C0093F84230DBB2402B0BD17B68002283F88E
:10A57C0042207B68002283F840207868FFF78FF830
:10A58C0035E07B68002283F842207B68002283F848
:10A59C0040207868FFF743F829E07B6893F8413056
:10A5AC00DBB2222B23D17B68202283F841207B68ED
:10A5BC0000221A637B6893F84230DBB2402B0BD13C
:10A5CC007B68002283F842207B68002283F84020BD
:10A5DC007868F8F723FF0AE07B68002283F84220B2
:10A5EC007B68002283F840207868FFF722F800BFD0
:10A5FC001837BD4680BD00BF00E800FE0000FFFF1D
:10A60C0080B586B000AF786039607B681B681B68CA
:10A61C003B613B687B617B68DB6AFB607B6893F822
:10A62C004130FB727B681B682022DA61FB7A212B9C
:10A63C0002D0FB7A292B08D148F20101786800F08E
:10A64C00E7FF7B6821221A6319E0FB7A222B02D0E8
:10A65C00FB7A2A2B08D148F20201786800F0D8FF67
:10A66C007B6822221A630AE0FB7A282B07D148F276
:10A67C000301786800F0CCFF7B6800221A637B68CA
:10A68C001B685A687B681B6842F400425A607B68FE
:10A69C001B6859687B681A68804B0B40536078685C
:10A6AC0000F075FB3B699B0B03F00103002B7AD088
:10A6BC007B681B681A687B681B6822F480421A60EE
:10A6CC007B689B6B002B00F012817B689B6B1B687B
:10A6DC00734A934259D07B689B6B1B68714A9342B7
:10A6EC0053D07B689B6B1B686F4A93424DD07B6841
:10A6FC009B6B1B686D4A934247D07B689B6B1B68B6
:10A70C006B4A934241D07B689B6B1B68694A9342AE
:10A71C003BD07B689B6B1B68674A934235D07B6848
:10A72C009B6B1B68654A93422FD07B689B6B1B68A5
:10A73C00634A934229D07B689B6B1B68614A9342A6
:10A74C0023D07B689B6B1B685F4A93421DD07B6850
:10A75C009B6B1B685D4A934217D07B689B6B1B6895
:10A76C005B4A934211D07B689B6B1B68594A93429E
:10A77C000BD07B689B6B1B68574A934205D07B6858
:10A78C009B6B1B68554A934205D17B689B6B1B687E
:10A79C005B689BB204E07B689B6B1B685B689BB23D
:10A7AC007A685385A3E03B69DB0B03F00103002BB4
:10A7BC0000F09D807B681B681A687B681B6822F41C
:10A7CC0000421A607B68DB6B002B00F090807B688A
:10A7DC00DB6B1B68324A934259D07B68DB6B1B687E
:10A7EC00304A934253D07B68DB6B1B682E4A9342F2
:10A7FC004DD07B68DB6B1B682C4A934247D07B683F
:10A80C00DB6B1B682A4A934241D07B68DB6B1B686D
:10A81C00284A93423BD07B68DB6B1B68264A9342E9
:10A82C0035D07B68DB6B1B68244A93422FD07B6846
:10A83C00DB6B1B68224A934229D07B68DB6B1B685D
:10A84C00204A934223D07B68DB6B1B681E4A9342E1
:10A85C001DD07B68DB6B1B681C4A934217D07B684E
:10A86C00DB6B1B681A4A934211D07B68DB6B1B684D
:10A87C00184A93420BD07B68DB6B1B68164A9342D9
:10A88C0005D07B68DB6B1B68144A934228D17B682C
:10A89C00DB6B1B685B689BB227E000BF00E800FE27
:10A8AC0010000240280002404000024058000240C4
:10A8BC007000024088000240A0000240B800024034
:10A8CC001004024028040240400402405804024094
:10A8DC007004024088040240A0040240B804024004
:10A8EC007B68DB6B1B685B689BB27A6853857B6902
:10A8FC009B0803F00103002B20D07B6923F0040399
:10A90C007B617B681B685A6A7B685B6AD2B21A707F
:10A91C007B685B6A5A1C7B685A627B681B8D002BB8
:10A92C000CD07B681B8D013B9AB27B681A857B68C7
:10A93C005B8D9BB2013B9AB27B685A857B685B8DC1
:10A94C009BB2002B05D07B685B6C43F004027B68E8
:10A95C005A647B691B0903F00103002B4AD03B6945
:10A96C001B0903F00103002B44D07B685B8D9BB269
:10A97C00002B28D17B6893F84130DBB2282B08D10F
:10A98C00FB68B3F1007F04D17969786800F092F824
:10A99C0030E07B6893F84130DBB2292B0ED1FB6899
:10A9AC0013F5803F0AD07B681B681022DA61786847
:10A9BC0000F0EDF97868FFF7FAFC1BE07B681B6888
:10A9CC001022DA6116E07B681B681022DA617B6862
:10A9DC005B6C43F004027B685A64FB68002B03D069
:10A9EC00FB68B3F1807F05D17B685B6C1946786896
:10A9FC0000F0B6F87B68002283F842207B680022C6
:10AA0C005A637B685B6C002B10D07B685B6C1946BF
:10AA1C00786800F0A5F87B6893F84130DBB2282BFE
:10AA2C0041D17969786800F045F83CE07B68DB6AD5
:10AA3C0013F5803F14D07868FFF7B9FC7B681C4A8B
:10AA4C00DA627B68202283F841207B6800221A633B
:10AA5C007B68002283F840207868FEF716FE22E01F
:10AA6C007B6893F84130DBB2222B0ED17B6820221D
:10AA7C0083F841207B6800221A637B68002283F8EC
:10AA8C0040207868FEF7E9FD0DE07B68202283F812
:10AA9C0041207B6800221A637B68002283F84020E7
:10AAAC007868FEF7D0FD00BF1837BD4680BD00BFEB
:10AABC000000FFFF80B582B000AF786039607B6822
:10AACC00264ADA627B6800221A637B68202283F8AC
:10AADC0041207B68002283F842207B6800225A6365
:10AAEC003B689B0803F00103002B22D07B681B689A
:10AAFC005A6A7B685B6AD2B21A707B685B6A5A1CB2
:10AB0C007B685A627B681B8D002B12D07B681B8D77
:10AB1C00013B9AB27B681A857B685B8D9BB2013BCB
:10AB2C009AB27B685A857B685B6C43F004027B6845
:10AB3C005A6448F20301786800F06AFD7B681B6870
:10AB4C001022DA617B68002283F840207868FEF7D7
:10AB5C009CFD00BF0837BD4680BD00BF0000FFFF55
:10AB6C0080B584B000AF786039607B6893F8413071
:10AB7C00FB737B68002283F842207B686D4ADA62A3
:10AB8C007B6800225A857B685A6C3B681A437B6849
:10AB9C005A64FB7B282B05D0FB7B292B02D0FB7B3B
:10ABAC002A2B0BD10321786800F032FD7B68282218
:10ABBC0083F841207B68604A5A6330E048F2030115
:10ABCC00786800F025FD786800F0E1F87B6893F870
:10ABDC004130DBB2602B1FD07B68202283F84120F0
:10ABEC007B681B689B6903F02003202B14D17B68C6
:10ABFC001B689B6903F01003102B09D17B681B6841
:10AC0C001022DA617B685B6C43F004027B685A6447
:10AC1C007B681B682022DA617B6800225A637B68A0
:10AC2C001B6BBB607B689B6B002B39D0BB68112BFB
:10AC3C0002D0BB68212B33D17B681B681B6803F4E3
:10AC4C008043B3F5804F07D17B681B681A687B681B
:10AC5C001B6822F480421A607B689B6B1846FDF7D8
:10AC6C008BF80346012B17D07B689B6B334A1A6514
:10AC7C007B68002283F840207B689B6B1846FBF7AF
:10AC8C000BFF0346002B4DD07B689B6B1B6D7A68CA
:10AC9C00926B1046984745E0786800F051F841E017
:10ACAC007B68DB6B002B39D0BB68122B02D0BB68E6
:10ACBC00222B33D17B681B681B6803F40043B3F56C
:10ACCC00004F07D17B681B681A687B681B6822F4ED
:10ACDC0000421A607B68DB6B1846FDF74DF80346A3
:10ACEC00012B17D07B68DB6B144A1A657B6800223A
:10ACFC0083F840207B68DB6B1846FBF7CDFE0346E0
:10AD0C00002B11D07B68DB6B1B6D7A68D26B104605
:10AD1C00984709E0786800F013F805E0786800F0CF
:10AD2C000FF802E000BF00E000BF00BF1037BD46C7
:10AD3C0080BD00BF0000FFFFD3960008EDB00008F7
:10AD4C0080B582B000AF78607B6893F84130DBB29D
:10AD5C00602B0ED17B68202283F841207B68002277
:10AD6C001A637B68002283F840207868FEF7A1FC08
:10AD7C0009E07B6800221A637B68002283F840207C
:10AD8C007868F8F756FB00BF0837BD4680BD80B425
:10AD9C0083B000AF78607B681B689B6903F002038B
:10ADAC00022B03D17B681B6800229A627B681B68AC
:10ADBC009B6903F00103012B07D07B681B689A6920
:10ADCC007B681B6842F001029A6100BF0C37BD46DC
:10ADDC005DF8047B704780B584B000AF78607B6809
:10ADEC009B6BFB60FB681B681A68FB681B6822F492
:10ADFC0000421A60FB685B8D9BB2002B04D12021B2
:10AE0C00F86800F081FB2DE0FB685B6AFA68128D34
:10AE1C001A44FB685A62FB685B8D9BB2FF2B03D90B
:10AE2C00FB68FF221A8504E0FB685B8D9AB2FB6815
:10AE3C001A85FB68D86BFB681B6824331946FB68C2
:10AE4C005B6A1A46FB681B8DFBF79EF80346002BCA
:10AE5C0004D01021F868FFF783FE03E04021F86866
:10AE6C0000F052FB00BF1037BD4680BD80B584B0EA
:10AE7C0000AF78600023FB607B689B6BBB60BB689A
:10AE8C009B6B002B76D0BB689B6B1B68714A934203
:10AE9C0059D0BB689B6B1B686F4A934253D0BB68FD
:10AEAC009B6B1B686D4A93424DD0BB689B6B1B68B8
:10AEBC006B4A934247D0BB689B6B1B68694A9342B1
:10AECC0041D0BB689B6B1B68674A93423BD0BB6805
:10AEDC009B6B1B68654A934235D0BB689B6B1B68A8
:10AEEC00634A93422FD0BB689B6B1B68614A9342A9
:10AEFC0029D0BB689B6B1B685F4A934223D0BB680D
:10AF0C009B6B1B685D4A93421DD0BB689B6B1B6897
:10AF1C005B4A934217D0BB689B6B1B68594A9342A0
:10AF2C0011D0BB689B6B1B68574A93420BD0BB6814
:10AF3C009B6B1B68554A934205D0BB689B6B1B6887
:10AF4C00534A934209D1BB689B6B1B685B68002B0F
:10AF5C000CBF01230023DBB208E0BB689B6B1B68B2
:10AF6C005B68002B0CBF01230023DBB2002B01D04C
:10AF7C000123FB60BB68DB6B002B00F09880BB6887
:10AF8C00DB6B1B68334A934259D0BB68DB6B1B6885
:10AF9C00314A934253D0BB68DB6B1B682F4A9342F8
:10AFAC004DD0BB68DB6B1B682D4A934247D0BB6806
:10AFBC00DB6B1B682B4A934241D0BB68DB6B1B6875
:10AFCC00294A93423BD0BB68DB6B1B68274A9342F0
:10AFDC0035D0BB68DB6B1B68254A93422FD0BB680E
:10AFEC00DB6B1B68234A934229D0BB68DB6B1B6865
:10AFFC00214A934223D0BB68DB6B1B681F4A9342E8
:10B00C001DD0BB68DB6B1B681D4A934217D0BB6815
:10B01C00DB6B1B681B4A934211D0BB68DB6B1B6854
:10B02C00194A93420BD0BB68DB6B1B68174A9342DF
:10B03C0005D0BB68DB6B1B68154A93422AD1BB68F1
:10B04C00DB6B1B685B68002B0CBF01230023DBB29E
:10B05C0029E000BF100002402800024040000240DE
:10B06C00580002407000024088000240A0000240DC
:10B07C00B800024010040240280402404004024080
:10B08C00580402407004024088040240A0040240AC
:10B09C00B8040240BB68DB6B1B685B68002B0CBF01
:10B0AC0001230023DBB2002B01D00123FB60786865
:10B0BC00FCF770FE0346022B0ED0FB68002B0BD066
:10B0CC00BB681B685A68BB681B6842F400425A6034
:10B0DC001021B868FFF744FD00BF1037BD4680BD96
:10B0EC0080B584B000AF78607B689B6BFB60FB68BD
:10B0FC009B6B002B03D0FB689B6B00221A65FB68D3
:10B10C00DB6B002B03D0FB68DB6B00221A65F86845
:10B11C00FFF716FE00BF1037BD4680BD80B584B06A
:10B12C0000AFF860B9603B601346FB713BE0BA6955
:10B13C003968F86800F0D6F80346002B01D00123DB
:10B14C0041E03B68B3F1FF3F2DD0FAF70DFA024610
:10B15C00BB69D31A3A689A4202D33B68002B22D1BE
:10B16C00FB681B689A69BB681340BA689A420CBFAB
:10B17C0001230023DBB21A46FB799A4213D1FB68F8
:10B18C005B6C43F02002FB685A64FB68202283F856
:10B19C004120FB68002283F84220FB68002283F8E0
:10B1AC00402001230FE0FB681B689A69BB681340C1
:10B1BC00BA689A420CBF01230023DBB21A46FB7912
:10B1CC009A42B4D0002318461037BD4680BD80B5D6
:10B1DC0084B000AFF860B9607A6033E07A68B9681F
:10B1EC00F86800F07FF80346002B01D0012331E012
:10B1FC00BB68B3F1FF3F25D0FAF7B6F902467B687E
:10B20C00D31ABA689A4202D3BB68002B1AD1FB68D6
:10B21C001B689B6903F00203022B13D0FB685B6C69
:10B22C0043F02002FB685A64FB68202283F841201B
:10B23C00FB68002283F84220FB68002283F8402040
:10B24C00012307E0FB681B689B6903F00203022BD8
:10B25C00C4D1002318461037BD4680BD80B584B0DC
:10B26C0000AFF860B9607A602FE07A68B968F86866
:10B27C0000F038F80346002B01D001232DE0FAF73B
:10B28C0073F902467B68D31ABA689A4202D3BB6838
:10B29C00002B1AD1FB681B689B6903F02003202B41
:10B2AC0013D0FB685B6C43F02002FB685A64FB68AC
:10B2BC00202283F84120FB68002283F84220FB689F
:10B2CC00002283F84020012307E0FB681B689B6980
:10B2DC0003F02003202BC8D1002318461037BD469D
:10B2EC0080BD000080B58AB000AFF860B9607A60AC
:10B2FC00002387F82730FB681B689B69BB61002320
:10B30C003B627B68FB61BB6903F01003002B68D0C8
:10B31C00FB681B681022DA6149E0BB68B3F1FF3FA0
:10B32C0045D0FAF721F90246FB69D31ABA689A425A
:10B33C0002D3BB68002B3AD1FB681B685B6803F433
:10B34C0080437B61FB6893F84230FB74FB681B689D
:10B35C009B6903F40043B3F5004F21D17B69B3F52E
:10B36C00804F1DD0FB7C202B1AD0FB681B685A68C1
:10B37C00FB681B6842F480425A60FAF7F5F8F861F2
:10B38C000EE0FAF7F1F80246FB69D31A192B07D92C
:10B39C003B6A43F020033B62012387F8273006E029
:10B3AC00FB681B689B6903F02003202BE9D1FB6829
:10B3BC001B689B6903F02003202B03D097F82730E0
:10B3CC00002BAAD097F82730002B03D1FB681B6801
:10B3DC002022DA613B6A43F004033B62012387F8C5
:10B3EC002730FB681B689B69BB61BB6903F48073E6
:10B3FC00002B0BD03B6A43F001033B62FB681B68DC
:10B40C004FF48072DA61012387F82730BB6903F4AB
:10B41C008063002B0BD03B6A43F008033B62FB6854
:10B42C001B684FF48062DA61012387F82730BB690F
:10B43C0003F40073002B0BD03B6A43F002033B6216
:10B44C00FB681B684FF40072DA61012387F8273020
:10B45C0097F82730002B1CD0F868FFF798FCFB6896
:10B46C001B685968FB681A680D4B0B405360FB68EE
:10B47C005A6C3B6A1A43FB685A64FB68202283F8B7
:10B48C004120FB68002283F84220FB68002283F8ED
:10B49C00402097F8273018462837BD4680BD00BF9E
:10B4AC0000E800FE80B487B000AFF8607B600B460C
:10B4BC007B8113467B727B89C3F309027B7A1B0465
:10B4CC0003F47F031A437B681A433B6A134323F04C
:10B4DC0000437B61FB681B685A683B6A5B0D03F495
:10B4EC008061084B0B43DB4302EA0301FB681B68DA
:10B4FC007A690A435A6000BF1C37BD465DF8047B6D
:10B50C00704700BFFF63FF0380B485B000AF786065
:10B51C000B467B800023FB607B685B6B394A934254
:10B52C0032D07B685B6B384A93422DD07B685B6B67
:10B53C00364A934228D0B7F90230002B03DAFB6865
:10B54C0043F0B803FB607B8803F00103002B03D0AE
:10B55C00FB6843F0F203FB607B8803F00203002BD3
:10B56C0003D0FB6843F0F403FB607B88102B03D102
:10B57C00FB6843F09003FB607B88202B33D1FB6886
:10B58C0043F02003FB602EE0B7F90230002B03DA06
:10B59C00FB6843F0B803FB607B8803F00103002BCE
:10B5AC0003D0FB6843F0F203FB607B8803F00203DB
:10B5BC00002B03D0FB6843F0F403FB607B88102B5B
:10B5CC0003D1FB6843F09003FB607B88202B03D1F5
:10B5DC00FB6843F06003FB607B88402B03D1FB6866
:10B5EC0043F04003FB607B681B6819687B681B6831
:10B5FC00FA680A431A6000BF1437BD465DF8047B35
:10B60C00704700BFDB980008219D0008C19A000814
:10B61C0080B485B000AF78600B467B800023FB6064
:10B62C007B8803F00103002B0FD0FB6843F042032F
:10B63C00FB607B6893F84130DBB203F02803282BC6
:10B64C0003D0FB6843F0B003FB607B8803F002037C
:10B65C00002B0FD0FB6843F04403FB607B6893F82E
:10B66C004130DBB203F02803282B03D0FB6843F0F6
:10B67C00B003FB60B7F90230002B03DAFB6843F030
:10B68C00B803FB607B88102B03D1FB6843F090035D
:10B69C00FB607B88202B03D1FB6843F02003FB600D
:10B6AC007B88402B03D1FB6843F04003FB607B6835
:10B6BC001B681968FB68DA437B681B680A401A60D0
:10B6CC0000BF1437BD465DF8047B704780B483B06F
:10B6DC0000AF786039607B6893F84130DBB2202B87
:10B6EC0038D17B6893F84030012B01D1022332E032
:10B6FC007B68012283F840207B68242283F8412058
:10B70C007B681B681A687B681B6822F001021A6050
:10B71C007B681B681A687B681B6822F480521A606D
:10B72C007B681B6819687B681B683A680A431A6057
:10B73C007B681B681A687B681B6842F001021A6000
:10B74C007B68202283F841207B68002283F840200C
:10B75C00002300E0022318460C37BD465DF8047B3D
:10B76C00704780B485B000AF786039607B6893F81F
:10B77C004130DBB2202B39D17B6893F84030012B60
:10B78C0001D1022333E07B68012283F840207B68DF
:10B79C00242283F841207B681B681A687B681B682D
:10B7AC0022F001021A607B681B681B68FB60FB6857
:10B7BC0023F47063FB603B681B02FA681343FB6065
:10B7CC007B681B68FA681A607B681B681A687B6860
:10B7DC001B6842F001021A607B68202283F841202A
:10B7EC007B68002283F84020002300E002231846E7
:10B7FC001437BD465DF8047B704780B586B002AF48
:10B80C0078607B68002B01D10123FEE07B6893F804
:10B81C009534DBB2002B06D17B68002283F894248C
:10B82C0078680AF0BFF87B68032283F895247B685C
:10B83C001B68184606F06FFC7B6818687B681A7CDE
:10B84C008DF8002004330ECB06F03AFB0346002B98
:10B85C0005D07B68022283F895240123D5E07B6810
:10B86C001B680021184606F067FC0346002B05D028
:10B87C007B68022283F895240123C6E00023FB7326
:10B88C004AE0FA7B79681346DB0013449B000B44B7
:10B89C00153301221A70FA7B79681346DB001344C6
:10B8AC009B000B441433FA7B1A70FA7BFB7B98B227
:10B8BC0079681346DB0013449B000B442E3302467D
:10B8CC001A80FA7B79681346DB0013449B000B4407
:10B8DC00183300221A70FA7B79681346DB00134484
:10B8EC009B000B441C3300221A60FA7B79681346C8
:10B8FC00DB0013449B000B44203300221A60FA7BBC
:10B90C0079681346DB0013449B000B44243300225C
:10B91C001A60FB7B0133FB737B681B79FA7B9A42C1
:10B92C00AFD30023FB7344E0FA7B79681346DB004A
:10B93C0013449B000B4403F2552300221A70FA7B2C
:10B94C0079681346DB0013449B000B4403F5157315
:10B95C00FA7B1A70FA7B79681346DB0013449B0060
:10B96C000B4403F5167300221A70FA7B79681346A0
:10B97C00DB0013449B000B4403F5177300221A6081
:10B98C00FA7B79681346DB0013449B000B4403F5E8
:10B99C00187300221A60FA7B79681346DB00134493
:10B9AC009B000B4403F5197300221A60FB7B0133D7
:10B9BC00FB737B681B79FA7B9A42B5D37B6818685A
:10B9CC007B681A7C8DF8002004330ECB06F000FC4B
:10B9DC000346002B05D07B68022283F895240123B3
:10B9EC0013E07B6800225A747B68012283F895244B
:10B9FC007B681B7B012B02D1786801F089F97B688D
:10BA0C001B68184607F096FC002318461037BD46F5
:10BA1C0080BD80B584B000AF78607B681B68FB602C
:10BA2C007B6893F89434012B01D1022322E07B68CC
:10BA3C00012283F89424FB68DB6803F04003002B9D
:10BA4C0009D07B685B7B012B05D1FB689B6B43F4B6
:10BA5C008032FB689A637B681B68184606F04AFBC9
:10BA6C007B681B68184607F044FC7B68002283F84F
:10BA7C009424002318461037BD4680BD90B58DB078
:10BA8C0000AF78607B681B683B623B6AFB617B683C
:10BA9C001B68184607F002FD0346002B40F0D384C8
:10BAAC007B681B68184607F066FC0346002B00F009
:10BABC00C984FB6903F500639B681B0AC3F30D0281
:10BACC007B68C3F8D4247B681B68184607F053FCCA
:10BADC00034603F00203022B07D17B681B685A69EB
:10BAEC007B681B6802F002025A617B681B6818466F
:10BAFC0007F041FC034603F01003102B61D17B6867
:10BB0C001B689A697B681B6822F010029A613B6A79
:10BB1C001B6ABB61BB6903F00F021346DB001344C5
:10BB2C009B0003F514737A68134404337B61BB697F
:10BB3C0003F4F013B3F5802F24D1BA6947F6F073F0
:10BB4C001340002B35D07B69D968BB691B099BB2AC
:10BB5C00C3F30A039BB21A46386A07F04CFB7B69A5
:10BB6C00DA68BB691B09C3F30A031A447B69DA6000
:10BB7C007B695A69BB691B09C3F30A031A447B69C5
:10BB8C005A6116E0BB6903F4F013B3F5402F10D1E2
:10BB9C007B6803F29C4308221946386A07F02BFB9A
:10BBAC007B695A69BB691B09C3F30A031A447B6995
:10BBBC005A617B681B689A697B681B6842F01002AB
:10BBCC009A617B681B68184607F0D5FB034603F4A3
:10BBDC000023B3F5002F40F0A78000237B627B6825
:10BBEC001B68184607F0DAFBB86299E0BB6A03F0F1
:10BBFC000103002B00F08E807B681B687A6AD2B23E
:10BC0C001146184607F0FEFB38613B6903F001034F
:10BC1C00002B0CD07B6A5A01FB69134403F530638B
:10BC2C001A4601239360796A786800F0EBFE3B6951
:10BC3C0003F00803002B0CD07B6A5A01FB691344F8
:10BC4C0003F530631A4608239360796A786800F02C
:10BC5C00C1FF3B6903F01003002B08D07B6A5A012B
:10BC6C00FB69134403F530631A46102393603B6958
:10BC7C0003F00203002B30D03B6A5B6903F08003B6
:10BC8C00802B09D1FB6903F500635B68FA6902F547
:10BC9C00006243F4806353607A6A1346DB001344FA
:10BCAC009B0003F514737A68134404337B617B693E
:10BCBC00DB78012B08D17B690022DA707B6ADBB25E
:10BCCC001946786809F066FF7B6A5A01FB691344D0
:10BCDC0003F530631A46022393603B6903F020039B
:10BCEC00002B08D07B6A5A01FB69134403F53063BF
:10BCFC001A46202393603B6903F40053002B09D0B0
:10BD0C007B6A5A01FB69134403F530631A464FF4FE
:10BD1C00005393607B6A01337B62BB6A5B08BB6236
:10BD2C00BB6A002B7FF462AF7B681B68184607F078
:10BD3C0022FB034603F48023B3F5802F40F0DB8015
:10BD4C007B681B68184607F043FBB86200237B62D4
:10BD5C00CDE0BB6A03F00103002B00F0C2807B68CE
:10BD6C001B687A6AD2B21146184607F069FB386133
:10BD7C003B6903F00103002B57D07B6A03F00F03E0
:10BD8C00012202FA03F3FB60FB6903F500635A6BB3
:10BD9C00FB68DB43F96901F5006113404B637B6A77
:10BDAC005A01FB69134403F510631A46012393608F
:10BDBC007B689B79012B32D179687A6A1346DB0058
:10BDCC0013449B000B442033196878687A6A134635
:10BDDC00DB0013449B0003441C331B681944786834
:10BDEC007A6A1346DB0013449B000344203319602A
:10BDFC007B6A002B13D179687A6A1346DB001344F3
:10BE0C009B000B4424331B68002B08D17B681868FB
:10BE1C007B6803F29C431A46012107F071FB7B6A95
:10BE2C00DBB21946786809F030FE3B6903F0080371
:10BE3C00002B08D07B6A5A01FB69134403F510638D
:10BE4C001A46082393603B6903F01003002B08D0BB
:10BE5C007B6A5A01FB69134403F510631A461023DD
:10BE6C0093603B6903F04003002B08D07B6A5A01B6
:10BE7C00FB69134403F510631A46402393603B6936
:10BE8C0003F00203002B23D0796A386A06F0FEFA1D
:10BE9C007A6A1346DB0013449B0010337A68134410
:10BEAC0004337B617B69DB78012B08D17B69002231
:10BEBC00DA707B6ADBB21946786809F07DFE7B6A22
:10BECC005A01FB69134403F510631A46022393606D
:10BEDC003B6903F08003002B03D0796A786800F08B
:10BEEC0004FD7B6A01337B62BB6A5B08BB62BB6A85
:10BEFC00002B7FF42EAF7B681B68184607F03BFACB
:10BF0C00034603F00043B3F1004F22D1FB6903F564
:10BF1C0000635B68FA6902F5006223F00103536069
:10BF2C007B6893F8CC34012B08D17B68002283F812
:10BF3C00CC240021786800F00FFF02E0786809F04B
:10BF4C001BFE7B681B685A697B681B6802F0004209
:10BF5C005A617B681B68184607F00DFA034603F418
:10BF6C000063B3F5006F12D1FB6903F500639B68A6
:10BF7C0003F00103012B02D1786809F0D7FD7B682F
:10BF8C001B685A697B681B6802F400625A617B6803
:10BF9C001B68184607F0EFF9034603F00063B3F192
:10BFAC00006F21D17B681B685A697B681B6802F0A3
:10BFBC0000625A617B6893F8CC34002B11D17B68FA
:10BFCC00012283F8CC247B681B685B6D9B0803F013
:10BFDC000F027B68C3F8D0240121786800F0BCFE06
:10BFEC0002E0786809F0A2FD7B681B68184607F030
:10BFFC00C2F9034603F48053B3F5805F40F0B78079
:10C00C00FB6903F500635B68FA6902F5006223F0D3
:10C01C00010353607B681B681021184606F036FA42
:10C02C000023FB6246E0FB6A5A01FB69134403F5EB
:10C03C0010631A464FF67F339360FB6A5A01FB6913
:10C04C00134403F510631B68FA6A5101FA690A4438
:10C05C0002F5106223F400131360FB6A5A01FB69AA
:10C06C00134403F530631A464FF67F339360FB6A33
:10C07C005A01FB69134403F530631B68FA6A5101DA
:10C08C00FA690A4402F5306223F400131360FB6A68
:10C09C005A01FB69134403F530631B68FA6A5101BA
:10C0AC00FA690A4402F5306243F000631360FB6ADC
:10C0BC000133FB627B681B791A46FB6A9342B2D34D
:10C0CC00FB6903F50063DB69FA6902F5006243F072
:10C0DC000113D3617B68DB7B002B16D0FB6903F566
:10C0EC000063D3F88430FA6902F5006243F00B0365
:10C0FC00C2F88430FB6903F500635B6CFA6902F5E6
:10C10C00006243F00B03536415E0FB6903F5006315
:10C11C005A69FB6903F50063194642F22B0313437A
:10C12C004B61FB6903F500631B69FA6902F5006258
:10C13C0043F00B031361FB6903F500631B68FA6999
:10C14C0002F5006223F4FE6313607B6818687B6859
:10C15C0099797B6803F29C431A4607F0D1F97B6806
:10C16C001B685A697B681B6802F480525A617B68B1
:10C17C001B68184607F0FFF8034603F40053B3F5A9
:10C18C00005F23D17B681B68184607F095F97B6824
:10C19C001B68184606F0F3F903461A467B68DA71F9
:10C1AC007B681C6801F058FD01467B68DB791A46F8
:10C1BC00204605F0FDFE786809F08FFC7B681B6853
:10C1CC005A697B681B6802F400525A617B681B68D1
:10C1DC00184607F0D0F8034603F00803082B0AD1E1
:10C1EC00786809F06CFC7B681B685A697B681B6873
:10C1FC0002F008025A617B681B68184607F0BBF80E
:10C20C00034603F08003802B3DD13B6A9B6923F0EE
:10C21C0080023B6A9A6101237B622EE079687A6A1C
:10C22C001346DB0013449B000B4403F257231B788B
:10C23C00012B1FD17B6A5A01FB69134403F5306350
:10C24C001B687A6A5101FA690A4402F5306243F0BC
:10C25C00006313607B6A5A01FB69134403F5306376
:10C26C001B687A6A5101FA690A4402F5306243F09C
:10C27C00804313607B6A01337B627B681B791A46AF
:10C28C007B6A9342CAD37B681B68184607F073F825
:10C29C00034603F48013B3F5801F3CD101237B626A
:10C2AC002BE07B6A5A01FB69134403F510631B688E
:10C2BC00BB6179687A6A1346DB0013449B000B441C
:10C2CC0018331B78012B15D1BB69002B12DA796856
:10C2DC007A6A1346DB0013449B000B44173301228C
:10C2EC001A707B6ADBB263F07F03DBB219467868A5
:10C2FC0000F0CAFA7B6A01337B627B681B791A46B1
:10C30C007B6A9342CDD37B681B685A697B681B6838
:10C31C0002F480125A617B681B68184607F02BF8F0
:10C32C00034603F40013B3F5001F56D101237B62BF
:10C33C0045E07B6A5A01FB69134403F530631B68C3
:10C34C00BB6179687A6A1346DB0013449B000B448B
:10C35C0003F516731B78012B2ED1BB69002B2BDA3E
:10C36C00BB691A0C7B68D3F8D434534003F0010337
:10C37C00002B21D179687A6A1346DB0013449B00A9
:10C38C000B4403F2572301221A703B6A9B6943F05A
:10C39C0080023B6A9A613B6A5B6903F08003002B65
:10C3AC000AD1FB6903F500635B68FA6902F5006268
:10C3BC0043F40073536008E07B6A01337B627B6853
:10C3CC001B791A467B6A9342B3D37B681B685A6904
:10C3DC007B681B6802F400125A617B681B68184664
:10C3EC0006F0C9FF034603F08043B3F1804F0AD136
:10C3FC00786809F0F3FB7B681B685A697B681B68DB
:10C40C0002F080425A617B681B68184606F0B3FF45
:10C41C00034603F00403042B15D17B681B685B688F
:10C42C00BB61BB6903F00403002B02D0786809F0F0
:10C43C00E3FB7B681B6859687B681B68BA690A4315
:10C44C005A6000E000BF3437BD4690BD80B582B065
:10C45C0000AF78600B46FB707B6893F89434012B2B
:10C46C0001D1022312E07B68012283F894247B68BB
:10C47C00FA785A747B681B68FA781146184606F0ED
:10C48C0012FF7B68002283F8942400231846083797
:10C49C00BD4680BD80B584B000AF786008461146BB
:10C4AC001A460346FB700B463B801346BB700023B9
:10C4BC00FB7297F90330002B0FDAFB7803F00F02B5
:10C4CC001346DB0013449B0010337A681344043387
:10C4DC00FB60FB6801225A700FE0FB7803F00F023F
:10C4EC001346DB0013449B0003F514737A68134462
:10C4FC000433FB60FB6800225A70FB7803F00F03D7
:10C50C00DAB2FB681A703B88C3F30A02FB689A60C4
:10C51C00FB68BA781A71FB685B78002B04D0FB6857
:10C52C001B781A46FB685A83BB78022B02D1FB6836
:10C53C0000225A717B6893F89434012B01D10223A9
:10C54C000EE07B68012283F894247B681B68F968F1
:10C55C00184606F039F87B68002283F89424FB7A9D
:10C56C0018461037BD4680BD80B584B000AF7860EA
:10C57C000B46FB7097F90330002B0FDAFB7803F0B6
:10C58C000F021346DB0013449B0010337A681344EC
:10C59C000433FB60FB6801225A700FE0FB7803F058
:10C5AC000F021346DB0013449B0003F514737A68E7
:10C5BC0013440433FB60FB6800225A70FB7803F0D1
:10C5CC000F03DAB2FB681A707B6893F89434012B72
:10C5DC0001D102230EE07B68012283F894247B684E
:10C5EC001B68F968184606F077F87B68002283F818
:10C5FC009424002318461037BD4680BD80B586B004
:10C60C0000AFF8607A603B600B46FB72FB7A03F07C
:10C61C000F021346DB0013449B0003F51473FA68F6
:10C62C00134404337B617B697A68DA607B693A680E
:10C63C001A617B6900225A617B6900225A70FB7A6D
:10C64C0003F00F03DAB27B691A70FB689B79012B3C
:10C65C0002D17A687B69DA61FB681868FB689B79A0
:10C66C001A46796906F014F9002318461837BD46A6
:10C67C0080BD80B483B000AF78600B46FB70FB7854
:10C68C0003F00F0279681346DB0013449B000B4444
:10C69C0003F51A731B6818460C37BD465DF8047B0E
:10C6AC00704780B586B000AFF8607A603B600B468F
:10C6BC00FB72FB7A03F00F021346DB0013449B0062
:10C6CC001033FA68134404337B617B697A68DA604F
:10C6DC007B693A681A617B6900225A617B69012285
:10C6EC005A70FB7A03F00F03DAB27B691A70FB689D
:10C6FC009B79012B02D17A687B69DA61FB68186837
:10C70C00FB689B791A46796906F0C2F80023184633
:10C71C001837BD4680BD80B584B000AF78600B463D
:10C72C00FB70FB7803F00F037A681279934201D9FE
:10C73C0001234FE097F90330002B0FDAFB7803F05D
:10C74C000F021346DB0013449B0010337A6813442A
:10C75C000433FB60FB6801225A700DE0FA78134633
:10C76C00DB0013449B0003F514737A681344043301
:10C77C00FB60FB6800225A70FB6801229A70FB7800
:10C78C0003F00F03DAB2FB681A707B6893F89434E9
:10C79C00012B01D102231DE07B68012283F8942434
:10C7AC007B681B68F968184606F013FCFB7803F0ED
:10C7BC000F03002B09D17B6818687B6899797B681B
:10C7CC0003F29C431A4606F09BFE7B68002283F81A
:10C7DC009424002318461037BD4680BD80B584B024
:10C7EC0000AF78600B46FB70FB7803F00F037A68A0
:10C7FC001279934201D9012342E097F90330002BBF
:10C80C000FDAFB7803F00F021346DB0013449B0096
:10C81C0010337A6813440433FB60FB6801225A70AE
:10C82C000FE0FB7803F00F021346DB0013449B0070
:10C83C0003F514737A6813440433FB60FB6800221D
:10C84C005A70FB6800229A70FB7803F00F03DAB27F
:10C85C00FB681A707B6893F89434012B01D1022386
:10C86C000EE07B68012283F894247B681B68F968CE
:10C87C00184606F01CFC7B68002283F894240023E5
:10C88C0018461037BD4680BD80B584B000AF7860C7
:10C89C000B46FB7097F90330002B0CDAFB7803F096
:10C8AC000F021346DB0013449B0010337A681344C9
:10C8BC000433FB600CE0FB7803F00F021346DB0043
:10C8CC0013449B0003F514737A6813440433FB6020
:10C8DC007B681B68F968184606F07EFA0346FB7203
:10C8EC00FB7A18461037BD4680BD80B58AB002AFC2
:10C8FC00786039607B681B687B617B693B613A6857
:10C90C001346DB0013449B0010337A681344043342
:10C91C00FB60FB685A69FB681B699A4201D90123C9
:10C92C006BE0FB681A69FB685B69D31AFB61FB68F7
:10C93C009B68FA699A4202D9FB689B68FB61FB69A8
:10C94C0003339B08BB612AE0FB681A69FB685B69CF
:10C95C00D31AFB61FB689B68FA699A4202D9FB689F
:10C96C009B68FB61FB6903339B08BB61FB68D9685F
:10C97C003B68DAB2FB6998B27B689B7900930346FB
:10C98C00786906F0FAFBFB68DA68FB691A44FB6805
:10C99C00DA60FB685A69FB691A44FB685A613B68A8
:10C9AC005A013B69134403F510639B699BB2BA6946
:10C9BC009A4209D8FB685A69FB681B699A4203D2F0
:10C9CC00FB681B69002BBFD1FB681A69FB685B69AC
:10C9DC009A4211D83B6803F00F03012202FA03F3C9
:10C9EC00BB603B6903F500635A6BBB68DB43396979
:10C9FC0001F5006113404B63002318462037BD46F8
:10CA0C0080BD000080B588B000AF786039607B686D
:10CA1C001B68FB61FB69BB61FB693C3304331B681E
:10CA2C007B613B685A01BB69134403F530639B6817
:10CA3C003B617B689B79012B7BD13B6903F008033D
:10CA4C00002B15D07B69614A934240F2B9803B6957
:10CA5C0003F40043002B00F0B3803B685A01BB6920
:10CA6C00134403F530631A464FF400439360A7E078
:10CA7C003B6903F02003002B09D03B685A01BB69CA
:10CA8C00134403F530631A462023936098E03B6906
:10CA9C0003F02803002B40F093807B694B4A9342B0
:10CAAC000FD93B6903F40043002B0AD03B685A01B1
:10CABC00BB69134403F530631A464FF4004393608B
:10CACC007EE03A681346DB0013449B0003F51473B5
:10CADC007A6813440433FB60FB681A6A3B6859019B
:10CAEC00BB690B4403F530631B69C3F31203D21A01
:10CAFC00FB685A613B68002B14D1FB681B69002B47
:10CB0C0009D17B6818687B6803F29C431A460121A3
:10CB1C0006F0F6FC06E0FB68DA68FB685B691A4411
:10CB2C00FB68DA603B68DBB21946786808F092FF64
:10CB3C0046E07B69264A934224D13B6903F40043C7
:10CB4C00002B0AD03B685A01BB69134403F53063D0
:10CB5C001A464FF40043936032E03B6903F0200324
:10CB6C00002B08D03B685A01BB69134403F53063B2
:10CB7C001A46202393603B68DBB21946786808F0AC
:10CB8C0069FF1DE03B68002B14D179683A681346A5
:10CB9C00DB0013449B000B4403F519731B68002B3B
:10CBAC0008D17B6818687B6803F29C431A46002105
:10CBBC0006F0A6FC3B68DBB21946786808F04AFF21
:10CBCC00002318462037BD4680BD00BF0A30544FA5
:10CBDC000A31544F80B586B000AF786039607B68FD
:10CBEC001B687B617B693B617B693C3304331B684D
:10CBFC00FB603B685A013B69134403F530639B6847
:10CC0C00BB60FB68154A93420ED9BB6803F4004322
:10CC1C00002B09D03B685A013B69134403F5306380
:10CC2C001A464FF400439360786808F001FFFB68E4
:10CC3C000A4A93420CD97B689B79012B08D17B68FB
:10CC4C0018687B6803F29C431A46012106F058FCD5
:10CC5C00002318461837BD4680BD00BF0A30544F1C
:10CC6C0080B485B000AF78600B46FB7013463B80F8
:10CC7C007B681B685B6ABB60FB78002B07D13B8829
:10CC8C0019047B681B68BA680A439A6228E07B68BF
:10CC9C001B689B6A1B0CBA681344BB600023FB73B4
:10CCAC000DE07B681A68FB7B40339B0013445B6888
:10CCBC001B0CBA681344BB60FB7B0133FB73FA7B20
:10CCCC00FB78013B9A42ECD33B8818047B681968CB
:10CCDC00FB78013BBA68024340339B000B445A601B
:10CCEC00002318461437BD465DF8047B704780B4AA
:10CCFC0083B000AF78600B467B807B681B687A88BA
:10CD0C005A62002318460C37BD465DF8047B704709
:10CD1C0080B485B000AF78607B681B68FB607B6873
:10CD2C000122C3F8D8247B68002283F8CC24FB684A
:10CD3C009B6943F00062FB689A61FB685A6D054B76
:10CD4C001343FA685365002318461437BD465DF843
:10CD5C00047B70470300001080B483B000AF786090
:10CD6C000B46FB7000BF0C37BD465DF8047B70476B
:10CD7C0080B584B000AF7860294BDB6803F0070303
:10CD8C00062B0AD0264BDB6803F03F037A689A42E5
:10CD9C0001D001233FE000233DE0214BDB6823F071
:10CDAC003F021F497B681343CB60F8F7DDFBF8604B
:10CDBC0009E0F8F7D9FB0246FB68D31AB3F57A7F82
:10CDCC0001D9012327E0164B5B6803F40053B3F53C
:10CDDC00005FEED17B681E2B08D07B682E2B05D014
:10CDEC007B681D2B02D07B682D2B13D1F8F7BCFB75
:10CDFC00F86009E0F8F7B8FB0246FB68D31AB3F504
:10CE0C007A7F01D9012306E0054BDB6803F011039F
:10CE1C00112BEFD1002318461037BD4680BD00BF43
:10CE2C000048025880B400AF054BDB68044A43F05D
:10CE3C008073D36000BFBD465DF8047B704700BFB4
:10CE4C000048025880B58CB000AF78607B68002B2E
:10CE5C0001D10123C8E37B681B6803F00103002B9D
:10CE6C0000F08780884B1B6903F03803FB62864B0C
:10CE7C009B6ABB62FB6A102B07D0FB6A182B10D184
:10CE8C00BB6A03F00303022B0BD17F4B1B6803F42B
:10CE9C000033002B6CD07B685B68002B68D10123BE
:10CEAC00A2E37B685B68B3F5803F06D1764B1B68C9
:10CEBC00754A43F4803313602EE07B685B68002B6B
:10CECC000CD1714B1B68704A23F4803313606E4B8A
:10CEDC001B686D4A23F4802313601DE07B685B683C
:10CEEC00B3F5A02F0CD1684B1B68674A43F4802321
:10CEFC001360654B1B68644A43F4803313600BE08A
:10CF0C00614B1B68604A23F4803313605E4B1B68D3
:10CF1C005D4A23F4802313607B685B68002B13D07D
:10CF2C00F8F722FB786208E0F8F71EFB02467B6AF2
:10CF3C00D31A642B01D9032356E3534B1B6803F418
:10CF4C000033002BF0D014E0F8F70EFB786208E009
:10CF5C00F8F70AFB02467B6AD31A642B01D9032328
:10CF6C0042E3494B1B6803F40033002BF0D100E083
:10CF7C0000BF7B681B6803F00203002B00F08C8061
:10CF8C00414B1B6903F038033B623F4B9B6AFB61CF
:10CF9C003B6A002B07D03B6A182B37D1FB6903F097
:10CFAC000303002B32D1384B1B6803F00403002B16
:10CFBC0005D07B68DB68002B01D1012314E3324BD5
:10CFCC001B6823F019027B68DB682F4913430B6045
:10CFDC00F8F7CAFA786208E0F8F7C6FA02467B6AF4
:10CFEC00D31A022B01D90323FEE2274B1B6803F053
:10CFFC000403002BF0D0244B5B6823F0FE427B68CB
:10D00C001B691B06204913434B6045E07B68DB68BA
:10D01C00002B26D01C4B1B6823F019027B68DB68A5
:10D02C00194913430B60F8F79FFA786208E0F8F798
:10D03C009BFA02467B6AD31A022B01D90323D3E253
:10D04C00114B1B6803F00403002BF0D00E4B5B68F4
:10D05C0023F0FE427B681B691B060B4913434B6094
:10D06C001AE0094B1B68084A23F001031360F8F718
:10D07C007BFA78620AE0F8F777FA02467B6AD31AF1
:10D08C00022B03D90323AFE200440258964B1B68D2
:10D09C0003F00403002BEED17B681B6803F0100334
:10D0AC00002B6AD0904B1B6903F03803BB618E4B8D
:10D0BC009B6A7B61BB69082B07D0BB69182B1BD102
:10D0CC007B6903F00303012B16D1874B1B6803F418
:10D0DC008073002B05D07B68DB69802B01D001238A
:10D0EC0082E2814BDB6823F07C527B681B6A1B0657
:10D0FC007D491343CB6040E07B68DB69002B23D078
:10D10C00794B1B68784A43F080031360F8F72CFACC
:10D11C00786208E0F8F728FA02467B6AD31A022BE9
:10D12C0001D9032360E2704B1B6803F48073002B5E
:10D13C00F0D06D4BDB6823F07C527B681B6A1B06BE
:10D14C0069491343CB6018E0674B1B68664A23F0B0
:10D15C0080031360F8F708FA786208E0F8F704FA2D
:10D16C0002467B6AD31A022B01D903233CE25E4BA5
:10D17C001B6803F48073002BF0D17B681B6803F0F1
:10D18C000803002B36D07B685B69002B19D0564BFB
:10D19C005B6F554A43F001035367F8F7E5F9786282
:10D1AC0008E0F8F7E1F902467B6AD31A022B01D9A1
:10D1BC00032319E24C4B5B6F03F00203002BF0D0FE
:10D1CC0018E0494B5B6F484A23F001035367F8F7AB
:10D1DC00CBF9786208E0F8F7C7F902467B6AD31AF4
:10D1EC00022B01D90323FFE13F4B5B6F03F00203DA
:10D1FC00002BF0D17B681B6803F02003002B36D08A
:10D20C007B689B69002B19D0374B1B68364A43F45B
:10D21C0080531360F8F7A8F9786208E0F8F7A4F9DE
:10D22C0002467B6AD31A022B01D90323DCE12E4B75
:10D23C001B6803F40053002BF0D018E02A4B1B683A
:10D24C00294A23F480531360F8F78EF9786208E0CA
:10D25C00F8F78AF902467B6AD31A022B01D9032309
:10D26C00C2E1214B1B6803F40053002BF0D17B6807
:10D27C001B6803F00403002B00F086801B4B1B681B
:10D28C001A4A43F480731360F8F76EF9786208E079
:10D29C00F8F76AF902467B6AD31A642B01D9032387
:10D2AC00A2E1124B1B6803F48073002BF0D07B6857
:10D2BC009B68012B06D10C4B1B6F0B4A43F00103EF
:10D2CC00136732E07B689B68002B11D1064B1B6FF8
:10D2DC00054A23F001031367034B1B6F024A23F02B
:10D2EC000403136721E000BF0044025800480258B1
:10D2FC007B689B68052B0CD1834B1B6F824A43F0D8
:10D30C0004031367804B1B6F7F4A43F001031367C1
:10D31C000BE07D4B1B6F7C4A23F0010313677A4BA8
:10D32C001B6F794A23F0040313677B689B68002BFF
:10D33C0015D0F8F719F978620AE0F8F715F90246F2
:10D34C007B6AD31A41F28832934201D903234BE111
:10D35C006D4B1B6F03F00203002BEED014E0F8F7BB
:10D36C0003F978620AE0F8F7FFF802467B6AD31AF1
:10D37C0041F28832934201D9032335E1624B1B6F92
:10D38C0003F00203002BEED17B685B6A002B00F0EC
:10D39C002A815D4B1B6903F03803182B00F0BA800F
:10D3AC007B685B6A022B40F09580574B1B68564A92
:10D3BC0023F080731360F8F7D7F8786208E0F8F779
:10D3CC00D3F802467B6AD31A022B01D903230BE153
:10D3DC004D4B1B6803F00073002BF0D14A4B9A6A3B
:10D3EC004A4B13407A68916A7A68D26A12010A43EE
:10D3FC00454913438B627B681B6B013BC3F30802EB
:10D40C007B685B6B013B5B029BB21A437B689B6B3B
:10D41C00013B1B0403F4FE031A437B68DB6B013BEB
:10D42C001B0603F0FE43384913430B63364BDB6A90
:10D43C00354A23F00103D362334B5A6B344B134000
:10D44C007A68926CD200304913434B632E4BDB6AE3
:10D45C0023F00C027B681B6C2B491343CB622A4BC9
:10D46C00DB6A23F002027B685B6C27491343CB62B7
:10D47C00254BDB6A244A43F48033D362224BDB6AAC
:10D48C00214A43F40033D3621F4BDB6A1E4A43F438
:10D49C008023D3621C4BDB6A1B4A43F00103D3622B
:10D4AC00194B1B68184A43F080731360F8F75CF84B
:10D4BC00786208E0F8F758F802467B6AD31A022B18
:10D4CC0001D9032390E0104B1B6803F00073002B71
:10D4DC00F0D088E00C4B1B680B4A23F08073136070
:10D4EC00F8F742F8786208E0F8F73EF802467B6AF3
:10D4FC00D31A022B01D9032376E0034B1B6803F0EC
:10D50C000073002BF0D16EE0004402580CFCFFFFBE
:10D51C000700FFFF364B9B6A3B61354B1B6BFB6077
:10D52C007B685B6A012B31D03B6903F003027B689B
:10D53C009B6A9A422AD13B691B0903F03F027B6824
:10D54C00DB6A9A4222D1FB68C3F308027B681B6B2F
:10D55C00013B9A421AD1FB685B0A03F07F027B689D
:10D56C005B6B013B9A4211D1FB681B0C03F07F02F1
:10D57C007B689B6B013B9A4208D1FB681B0E03F046
:10D58C007F027B68DB6B013B9A4201D001232BE0CD
:10D59C00174B5B6BDB08C3F30C033B617B689B6C29
:10D5AC003A699A421FD0124BDB6A114A23F00103ED
:10D5BC00D362F7F7D9FF786200BFF7F7D5FF0246C1
:10D5CC007B6A9342F9D00A4B5A6B0A4B13407A6828
:10D5DC00926CD200064913434B63054BDB6A044A39
:10D5EC0043F00103D362002318463037BD4680BD9B
:10D5FC00004402580700FFFF80B586B000AF78608A
:10D60C0039607B68002B01D101239CE18A4B1B689C
:10D61C0003F00F033A689A4210D9874B1B6823F02A
:10D62C000F0285493B6813430B60834B1B6803F067
:10D63C000F033A689A4201D0012384E17B681B688E
:10D64C0003F00403002B10D07B681A697B4B9B6999
:10D65C0003F070039A4208D9784B9B6923F070024F
:10D66C007B681B69754913438B617B681B6803F0EE
:10D67C000803002B10D07B685A69704BDB6903F0F0
:10D68C0070039A4208D96D4BDB6923F070027B68FA
:10D69C005B696A491343CB617B681B6803F0100319
:10D6AC00002B10D07B689A69644BDB6903F4E06350
:10D6BC009A4208D9614BDB6923F4E0627B689B6971
:10D6CC005E491343CB617B681B6803F02003002B7E
:10D6DC0010D07B68DA69594B1B6A03F070039A42CD
:10D6EC0008D9564B1B6A23F070027B68DB695349DF
:10D6FC0013430B627B681B6803F00203002B10D0F2
:10D70C007B68DA684D4B9B6903F00F039A4208D98A
:10D71C004A4B9B6923F00F027B68DB684749134334
:10D72C008B617B681B6803F00103002B55D0434BC6
:10D73C009B6923F470627B689B68404913438B613F
:10D74C007B685B68022B07D13C4B1B6803F40033EE
:10D75C00002B21D10123F6E07B685B68032B07D1FA
:10D76C00364B1B6803F00073002B15D10123EAE044
:10D77C007B685B68012B07D1304B1B6803F480730B
:10D78C00002B09D10123DEE02C4B1B6803F00403B2
:10D79C00002B01D10123D6E0284B1B6923F0070293
:10D7AC007B685B68254913430B61F7F7DDFE7861F5
:10D7BC000AE0F7F7D9FE02467B69D31A41F28832A8
:10D7CC00934201D90323BEE01C4B1B6903F03802C2
:10D7DC007B685B68DB009A42EBD17B681B6803F0CB
:10D7EC000203002B10D07B68DA68144B9B6903F0A2
:10D7FC000F039A4208D2114B9B6923F00F027B68EE
:10D80C00DB680E4913438B610B4B1B6803F00F0352
:10D81C003A689A4214D2084B1B6823F00F0206494F
:10D82C003B6813430B60044B1B6803F00F033A680F
:10D83C009A4205D0012386E0002000520044025891
:10D84C007B681B6803F00403002B10D07B681A69FB
:10D85C003F4B9B6903F070039A4208D23C4B9B6987
:10D86C0023F070027B681B69394913438B617B6819
:10D87C001B6803F00803002B10D07B685A69344BEB
:10D88C00DB6903F070039A4208D2314BDB6923F059
:10D89C0070027B685B692E491343CB617B681B6804
:10D8AC0003F01003002B10D07B689A69284BDB69BE
:10D8BC0003F4E0639A4208D2254BDB6923F4E0625F
:10D8CC007B689B6922491343CB617B681B6803F01F
:10D8DC002003002B10D07B68DA691D4B1B6A03F008
:10D8EC0070039A4208D21A4B1B6A23F070027B68B1
:10D8FC00DB69174913430B6200F034F80246144BF2
:10D90C009B691B0A03F00F031249CB5C03F01F0346
:10D91C0022FA03F33B610E4B9B6903F00F030D4A94
:10D92C00D35C03F01F033A6922FA03F30A4A13602B
:10D93C000A4A3B6913600A4B1B681846F7F7CAFD85
:10D94C000346FB73FB7B18461837BD4680BD00BFF2
:10D95C000044025870600108E8010024E40100242E
:10D96C00EC01002480B489B000AFB34B1B6903F009
:10D97C003803182B00F2558101A252F823F000BF96
:10D98C00F1D900082FDC00082FDC00082FDC000880
:10D99C002FDC00082FDC00082FDC00082FDC00082F
:10D9AC0017DA00082FDC00082FDC00082FDC000839
:10D9BC002FDC00082FDC00082FDC00082FDC00080F
:10D9CC001DDA00082FDC00082FDC00082FDC000813
:10D9DC002FDC00082FDC00082FDC00082FDC0008EF
:10D9EC0023DA0008944B1B6803F02003002B09D0AA
:10D9FC00914B1B68DB0803F00303904A22FA03F3F4
:10DA0C00BB6111E18D4BBB610EE18D4BBB610BE139
:10DA1C008C4BBB6108E1884B9B6A03F003037B6171
:10DA2C00854B9B6A1B0903F03F033B61824BDB6A0E
:10DA3C0003F00103FB60804B5B6BDB08C3F30C034F
:10DA4C00FA6802FB03F307EE903AF8EE677AC7ED3B
:10DA5C00027A3B69002B00F0E1807B69022B00F01D
:10DA6C0083807B69022B00F2A1807B69002B03D0A1
:10DA7C007B69012B56D099E06F4B1B6803F0200398
:10DA8C00002B2DD06C4B1B68DB0803F003036B4A97
:10DA9C0022FA03F37B607B6807EE903AF8EE676A34
:10DAAC003B6907EE903AF8EE677A86EEA77A624BFE
:10DABC001B6BC3F3080307EE903AF8EE676A97ED19
:10DACC00026ADFED615AC6EE257A76EEA77AF7EE9A
:10DADC00006A77EEA67A67EE277AC7ED077A87E0B9
:10DAEC003B6907EE903AF8EE677ADFED586A86EEFE
:10DAFC00A77A514B1B6BC3F3080307EE903AF8EE71
:10DB0C00676A97ED026ADFED505AC6EE257A76EE1B
:10DB1C00A77AF7EE006A77EEA67A67EE277AC7ED5A
:10DB2C00077A65E03B6907EE903AF8EE677ADFED2D
:10DB3C00486A86EEA77A404B1B6BC3F3080307EECB
:10DB4C00903AF8EE676A97ED026ADFED3F5AC6EE3F
:10DB5C00257A76EEA77AF7EE006A77EEA67A67EE6C
:10DB6C00277AC7ED077A43E03B6907EE903AF8EE67
:10DB7C00677ADFED386A86EEA77A2F4B1B6BC3F3FF
:10DB8C00080307EE903AF8EE676A97ED026ADFED4C
:10DB9C002E5AC6EE257A76EEA77AF7EE006A77EE65
:10DBAC00A67A67EE277AC7ED077A21E03B6907EE84
:10DBBC00903AF8EE677ADFED266A86EEA77A1E4B6E
:10DBCC001B6BC3F3080307EE903AF8EE676A97ED08
:10DBDC00026ADFED1D5AC6EE257A76EEA77AF7EECD
:10DBEC00006A77EEA67A67EE277AC7ED077A00BF50
:10DBFC00114B1B6B5B0A03F07F0301333B603B68EB
:10DC0C0007EE903AB8EE677AD7ED076AC6EE877AD8
:10DC1C00FCEEE77A17EE903ABB6105E00023BB619E
:10DC2C0002E0074BBB6100BFBB6918462437BD46F9
:10DC3C005DF8047B704700BF004402580090D0038D
:10DC4C0000093D0040787D01000000460024744C22
:10DC5C000024744A20BCBE4B80B582B000AFFFF7E5
:10DC6C0081FE0246104B9B691B0A03F00F030F4900
:10DC7C00CB5C03F01F0322FA03F37B600A4B9B6916
:10DC8C0003F00F03094AD35C03F01F037A6822FAEE
:10DC9C0003F3074A1360074A7B681360044B1B6845
:10DCAC0018460837BD4680BD004402587060010814
:10DCBC00E8010024E401002480B500AFFFF7CCFF9D
:10DCCC000246064BDB691B0903F007030449CB5CD6
:10DCDC0003F01F0322FA03F3184680BD00440258D8
:10DCEC007060010880B500AFFFF7B6FF0246064B27
:10DCFC00DB691B0A03F007030449CB5C03F01F0329
:10DD0C0022FA03F3184680BD0044025870600108E3
:10DD1C002DE9B04FC6B000AFC7F80401002387F857
:10DD2C001731002387F81631D7F80431D3E90023D3
:10DD3C0002F00064002554EA050349D0D7F80431F9
:10DD4C005B6EB3F5401F2FD0B3F5401F28D8B3F549
:10DD5C00001F1AD0B3F5001F22D8002B03D0B3F547
:10DD6C00801F07D01CE0AB4BDB6AAA4A43F400339C
:10DD7C00D3621AE0D7F8043108330221184601F0B7
:10DD8C0025FC034687F817310FE0D7F80431283308
:10DD9C000221184601F0CCFC034687F8173104E049
:10DDAC00012387F8173100E000BF97F81731002BDB
:10DDBC000AD1984B1B6D23F44011D7F804315B6EDC
:10DDCC00944A0B43136503E097F8173187F8163123
:10DDDC00D7F80431D3E9002302F480784FF000091E
:10DDEC0058EA090347D0D7F804319B6D042B2AD885
:10DDFC0001A252F823F000BF19DE000827DE00084C
:10DE0C003DDE00085BDE00085BDE0008814BDB6A50
:10DE1C00804A43F40033D3621AE0D7F80431083354
:10DE2C000021184601F0D2FB034687F817310FE0AA
:10DE3C00D7F8043128330021184601F079FC034649
:10DE4C0087F8173104E0012387F8173100E000BF91
:10DE5C0097F81731002B0AD16E4B1B6D23F007017D
:10DE6C00D7F804319B6D6B4A0B43136503E097F8AD
:10DE7C00173187F81631D7F80431D3E9002302F4AF
:10DE8C00806A4FF0000B5AEA0B035BD0D7F80431D1
:10DE9C00D3F8A430B3F5200F3BD0B3F5200F34D812
:10DEAC00B3F5000F37D0B3F5000F2ED8B3F5C00F74
:10DEBC0033D0B3F5C00F28D8B3F5800F1AD0B3F513
:10DECC00800F22D8002B03D0B3F5001F07D01CE025
:10DEDC00504BDB6A4F4A43F40033D3621EE0D7F851
:10DEEC00043108330021184601F070FB034687F813
:10DEFC00173113E0D7F8043128330021184601F00C
:10DF0C0017FC034687F8173108E0012387F817310F
:10DF1C0004E000BF02E000BF00E000BF97F817313B
:10DF2C00002B0BD13B4B9B6D23F46001D7F80431D4
:10DF3C00D3F8A430374A0B43936503E097F81731B5
:10DF4C0087F81631D7F80431D3E9002302F40063C3
:10DF5C00C7F8F8300023C7F8FC30D7E93E120B465F
:10DF6C0013435DD0D7F80431D3F8A830B3F1A06FC8
:10DF7C003BD0B3F1A06F34D8B3F1806F37D0B3F18D
:10DF8C00806F2ED8B3F1407F33D0B3F1407F28D8C7
:10DF9C00B3F1007F1AD0B3F1007F22D8002B03D04D
:10DFAC00B3F1807F07D01CE01A4BDB6A194A43F4AB
:10DFBC000033D3621EE0D7F8043108330021184631
:10DFCC0001F004FB034687F8173113E0D7F804314E
:10DFDC0028330021184601F0ABFB034687F81731B4
:10DFEC0008E0012387F8173104E000BF02E000BF0E
:10DFFC0000E000BF97F81731002B0DD1054B9B6D3E
:10E00C0023F0E061D7F80431D3F8A830014A0B4370
:10E01C00936505E00044025897F8173187F81631DC
:10E02C00D7F80431D3E9002302F00073C7F8F030BD
:10E03C000023C7F8F430D7E93C120B4613433AD00F
:10E04C00D7F80431DB6C302B1FD0302B19D8202B98
:10E05C000CD0202B15D8002B19D0102B11D1AA4B7A
:10E06C00DB6AA94A43F40033D36211E0D7F80431D8
:10E07C0008330221184601F0A9FA034687F8173134
:10E08C0006E0012387F8173102E000BF00E000BF73
:10E09C0097F81731002B0AD19B4BDB6C23F0300126
:10E0AC00D7F80431DB6C984A0B43D36403E097F840
:10E0BC00173187F81631D7F80431D3E9002302F46D
:10E0CC008053C7F8E8300023C7F8EC30D7E93A1290
:10E0DC000B46134351D0D7F80431DB6DB3F5804FA9
:10E0EC0035D0B3F5804F2ED8B3F5405F31D0B3F5B2
:10E0FC00405F28D8B3F5005F1AD0B3F5005F22D883
:10E10C00002B03D0B3F5805F07D01CE07E4BDB6A9D
:10E11C007D4A43F40033D3621CE0D7F80431083352
:10E12C000021184601F052FA034687F8173111E026
:10E13C00D7F8043128330021184601F0F9FA0346C8
:10E14C0087F8173106E0012387F8173102E000BF8A
:10E15C0000E000BF97F81731002B0AD16A4B1B6DFA
:10E16C0023F4E041D7F80431DB6D674A0B431365A8
:10E17C0003E097F8173187F81631D7F80431D3E953
:10E18C00002302F40053C7F8E0300023C7F8E43052
:10E19C00D7E938120B46134353D0D7F804311B6E12
:10E1AC00B3F5A02F33D0B3F5A02F2CD8B3F5802F17
:10E1BC002FD0B3F5802F26D8B3F5403F2BD0B3F535
:10E1CC00403F20D8B3F5003F12D0B3F5003F1AD82A
:10E1DC00002B22D0B3F5803F15D1D7F8043108338A
:10E1EC000121184601F0F2F9034687F8173115E0C2
:10E1FC00D7F8043128330121184601F099FA034667
:10E20C0087F817310AE0012387F8173106E000BFC1
:10E21C0004E000BF02E000BF00E000BF97F8173138
:10E22C00002B0AD1384B1B6D23F4E021D7F80431B5
:10E23C001B6E354A0B43136503E097F8173187F8CB
:10E24C001631D7F80431D3E9002302F48043C7F820
:10E25C00D8300023C7F8DC30D7E936120B4613430D
:10E26C0058D0D7F80431D3F8AC30B3F1A04F33D039
:10E27C00B3F1A04F2CD8B3F1804F2FD0B3F1804F16
:10E28C0026D8B3F1405F2BD0B3F1405F20D8B3F167
:10E29C00005F12D0B3F1005F1AD8002B22D0B3F17B
:10E2AC00805F15D1D7F8043108330121184601F0ED
:10E2BC008DF9034687F8173115E0D7F80431283368
:10E2CC000121184601F034FA034687F817310AE0A9
:10E2DC00012387F8173106E000BF04E000BF02E01D
:10E2EC0000BF00E000BF97F81731002B0ED1064B92
:10E2FC009B6D23F0E041D7F80431D3F8AC30024ADF
:10E30C000B43936506E000BF0044025897F81731A1
:10E31C0087F81631D7F80431D3E9002302F400430F
:10E32C00C7F8D0300023C7F8D430D7E934120B46E5
:10E33C00134337D0D7F80431DB6EB3F1005F0ED046
:10E34C00B3F1005F16D8002B18D0B3F1805F11D158
:10E35C00C44BDB6AC34A43F40033D3620FE0D7F8F3
:10E36C00043108330121184601F030F9034687F8CF
:10E37C00173104E0012387F8173100E000BF97F84C
:10E38C001731002B0AD1B74B1B6D23F04051D7F836
:10E39C000431DB6EB34A0B43136503E097F8173176
:10E3AC0087F81631D7F80431D3E9002302F08073D3
:10E3BC00C7F8C8300023C7F8CC30D7E932120B4667
:10E3CC00134339D0D7F804319B6C032B1CD801A212
:10E3DC0052F823F01DE40008F1E30008FFE3000805
:10E3EC001DE400089F4BDB6A9E4A43F40033D36262
:10E3FC000FE0D7F8043108330221184601F0E6F893
:10E40C00034687F8173104E0012387F8173100E041
:10E41C0000BF97F81731002B0AD1924BDB6C23F01D
:10E42C000301D7F804319B6C8E4A0B43D36403E091
:10E43C0097F8173187F81631D7F80431D3E9002350
:10E44C0002F48003C7F8C0300023C7F8C430D7E902
:10E45C0030120B46134300F09980834B1B68824AA1
:10E46C0043F480731360F7F77FF8C7F810010BE0E3
:10E47C00F7F77AF80246D7F81031D31A642B03D980
:10E48C00032387F8173105E0774B1B6803F480737F
:10E49C00002BEDD097F81731002B73D1714B1A6FFD
:10E4AC00D7F80431D3F8B030534003F44073002B49
:10E4BC0015D06C4B1B6F23F44073C7F80C31694BB0
:10E4CC001B6F684A43F480331367664B1B6F654AB6
:10E4DC0023F480331367634AD7F80C311367D7F8EA
:10E4EC000431D3F8B030B3F5807F18D1F7F73CF88E
:10E4FC00C7F810010DE0F7F737F80246D7F81031DE
:10E50C00D21A41F288339A4203D9032387F8173180
:10E51C0005E0544B1B6F03F00203002BEBD097F874
:10E52C001731002B29D1D7F80431D3F8B03003F4CC
:10E53C004073B3F5407F0ED14A4B1B6923F47C51D9
:10E54C00D7F80431D3F8B0301A09484B1340454A78
:10E55C000B43136105E0434B1B69424A23F47C5384
:10E56C001361404B196FD7F80431D3F8B030C3F3B3
:10E57C000B033C4A0B43136708E097F8173187F8F5
:10E58C00163103E097F8173187F81631D7F80431B4
:10E59C00D3E9002302F00103C7F8B8300023C7F811
:10E5AC00BC30D7E92E120B46134300F08F80D7F8FE
:10E5BC0004319B6F282B71D801A252F823F000BFB5
:10E5CC00B1E60008A9E60008A9E60008A9E60008DB
:10E5DC00A9E60008A9E60008A9E60008A9E60008D3
:10E5EC007DE60008A9E60008A9E60008A9E60008EF
:10E5FC00A9E60008A9E60008A9E60008A9E60008B3
:10E60C0093E60008A9E60008A9E60008A9E60008B8
:10E61C00A9E60008A9E60008A9E60008A9E6000892
:10E62C00B1E60008A9E60008A9E60008A9E600087A
:10E63C00A9E60008A9E60008A9E60008A9E6000872
:10E64C00B1E60008A9E60008A9E60008A9E600085A
:10E65C00A9E60008A9E60008A9E60008A9E6000852
:10E66C00B1E600080044025800480258CFFFFF00F2
:10E67C00D7F8043108330121184600F0A7FF0346F0
:10E68C0087F817310FE0D7F80431283301211846E9
:10E69C0001F04EF8034687F8173104E0012387F8A0
:10E6AC00173100E000BF97F81731002B0AD1BF4B90
:10E6BC005B6D23F03801D7F804319B6FBB4A0B43D9
:10E6CC00536503E097F8173187F81631D7F8043102
:10E6DC00D3E9002302F00203C7F8B0300023C7F8D7
:10E6EC00B430D7E92C120B46134341D0D7F8043180
:10E6FC005B6F052B24D801A252F823F055E70008D4
:10E70C0021E7000837E7000855E7000855E700083F
:10E71C0055E70008D7F8043108330121184600F0FA
:10E72C0055FF034687F817310FE0D7F8043128332B
:10E73C000121184600F0FCFF034687F8173104E06E
:10E74C00012387F8173100E000BF97F81731002B31
:10E75C000AD1964B5B6D23F00701D7F804315B6F40
:10E76C00924A0B43536503E097F8173187F816313B
:10E77C00D7F80431D3E9002302F00403C7F8A8301A
:10E78C000023C7F8AC30D7E92A120B46134344D008
:10E79C00D7F80431D3F89030052B25D801A252F8C4
:10E7AC0023F000BFFDE70008C9E70008DFE7000819
:10E7BC00FDE70008FDE70008FDE70008D7F8043185
:10E7CC0008330121184600F001FF034687F8173182
:10E7DC000FE0D7F8043128330121184600F0A8FFC8
:10E7EC00034687F8173104E0012387F8173100E05E
:10E7FC0000BF97F81731002B0BD16C4B9B6D23F09E
:10E80C000701D7F80431D3F89030684A0B4393656D
:10E81C0003E097F8173187F81631D7F80431D3E9AC
:10E82C00002302F02003C7F8A0300023C7F8A4305F
:10E83C00D7E928120B46134355D0D7F80431D3F837
:10E84C008C30B3F1A04F33D0B3F1A04F2CD8B3F12F
:10E85C00804F2FD0B3F1804F26D8B3F1405F2BD02F
:10E86C00B3F1405F20D8B3F1005F12D0B3F1005F79
:10E87C001AD8002B22D0B3F1805F15D1D7F8043110
:10E88C0008330021184600F0A1FE034687F8173123
:10E89C0015E0D7F8043128330221184600F048FF60
:10E8AC00034687F817310AE0012387F8173106E091
:10E8BC0000BF04E000BF02E000BF00E000BF97F81B
:10E8CC001731002B0BD1394B5B6D23F0E041D7F89E
:10E8DC000431D3F88C30354A0B43536503E097F879
:10E8EC00173187F81631D7F80431D3E9002302F039
:10E8FC004003C7F898300023C7F89C30D7E926129C
:10E90C000B46134358D0D7F80431D3F89830B3F5ED
:10E91C00A05F33D0B3F5A05F2CD8B3F5805F2FD0B8
:10E92C00B3F5805F26D8B3F5406F2BD0B3F5406FAD
:10E93C0020D8B3F5006F12D0B3F5006F1AD8002BA6
:10E94C0022D0B3F5806F15D1D7F8043108330021EC
:10E95C00184600F03BFE034687F8173115E0D7F850
:10E96C00043128330221184600F0E2FE034687F8F2
:10E97C0017310AE0012387F8173106E000BF04E0E5
:10E98C0000BF02E000BF00E000BF97F81731002B7A
:10E99C000ED1064B9B6D23F4E051D7F80431D3F81C
:10E9AC009830024A0B43936506E000BF00440258BE
:10E9BC0097F8173187F81631D7F80431D3E90023CB
:10E9CC0002F08003C7F890300023C7F89430D7E9E1
:10E9DC0024120B46134355D0D7F80431D3F89C308E
:10E9EC00B3F5204F33D0B3F5204F2CD8B3F5004FEF
:10E9FC002FD0B3F5004F26D8B3F5C04F2BD0B3F5BD
:10EA0C00C04F20D8B3F5804F12D0B3F5804F1AD831
:10EA1C00002B22D0B3F5005F15D1D7F804310833A1
:10EA2C000021184600F0D2FD034687F8173115E097
:10EA3C00D7F8043128330221184600F079FE03463A
:10EA4C0087F817310AE0012387F8173106E000BF79
:10EA5C0004E000BF02E000BF00E000BF97F81731F0
:10EA6C00002B0BD1A04B9B6D23F46041D7F80431E4
:10EA7C00D3F89C309C4A0B43936503E097F817310D
:10EA8C0087F81631D7F80431D3E9002302F00803D4
:10EA9C00C7F888300023C7F88C30D7E922120B4610
:10EAAC0013431ED0D7F80431D3F88030B3F5805F10
:10EABC000CD1D7F8043128330221184600F038FE67
:10EACC000346002B02D0012387F81631864B5B6D71
:10EADC0023F44051D7F80431D3F88030824A0B43E9
:10EAEC005365D7F80431D3E9002302F01003C7F8BB
:10EAFC0080300023C7F88430D7E920120B4613432B
:10EB0C001ED0D7F80431D3F89430B3F5807F0CD1F4
:10EB1C00D7F8043128330221184600F009FE0346C9
:10EB2C00002B02D0012387F816316F4B9B6D23F419
:10EB3C004071D7F80431D3F894306B4A0B4393658A
:10EB4C00D7F80431D3E9002302F40023BB67002378
:10EB5C00FB67D7E91E120B4613433ED0D7F804319E
:10EB6C00D3F8A030B3F5003F22D0B3F5003F1BD84B
:10EB7C00002B03D0B3F5803F0BD015E0D7F8043150
:10EB8C0008330021184600F021FD034687F81731A1
:10EB9C000FE0D7F8043128330221184600F0C8FDE5
:10EBAC00034687F8173104E0012387F8173100E09A
:10EBBC0000BF97F81731002B0BD14B4B9B6D23F4F7
:10EBCC004031D7F80431D3F8A030474A0B43936552
:10EBDC0003E097F8173187F81631D7F80431D3E9E9
:10EBEC00002302F480233B6700237B67D7E91C12C8
:10EBFC000B4613433BD0D7F80431D3F88430B3F52C
:10EC0C00401F1FD0B3F5401F18D8B3F5801F03D099
:10EC1C00B3F5001F07D011E0334BDB6A324A43F4E3
:10EC2C000033D3620FE0D7F80431283301211846A2
:10EC3C0000F07EFD034687F8173104E0012387F8C6
:10EC4C00173100E000BF97F81731002B0BD1264B82
:10EC5C005B6D23F44011D7F80431D3F88430224A89
:10EC6C000B43536503E097F8173187F81631D7F843
:10EC7C000431D3E9002302F48033BB660023FB6626
:10EC8C00D7E91A120B46134334D0D7F804311B6D55
:10EC9C00002B03D0B3F5803F07D011E0124BDB6A99
:10ECAC00114A43F40033D3620EE0D7F80431083331
:10ECBC000221184600F08AFC034687F8173103E05E
:10ECCC00012387F8173100BF97F81731002B0DD1AE
:10ECDC00054BDB6C23F48031D7F804311B6D024AF1
:10ECEC000B43D36406E000BF0044025897F8173179
:10ECFC0087F81631D7F80431D3E9002302F000531A
:10ED0C003B6600237B66D7E918120B4613430CD0E5
:10ED1C00D7F8043128330221184600F009FD0346C8
:10ED2C00002B02D0012387F81631D7F80431D3E930
:10ED3C00002302F40033BB650023FB65D7E91612F0
:10ED4C000B46134336D0D7F80431DB6FB3F5407F55
:10ED5C0018D0B3F5407F11D8B3F5007F14D0B3F5BC
:10ED6C00007F0BD8002B11D0B3F5807F06D1B74BA9
:10ED7C00DB6AB64A43F40033D36208E0012387F818
:10ED8C00173104E000BF02E000BF00E000BF97F8BD
:10ED9C001731002B0AD1AD4B5B6D23F44071D7F8C2
:10EDAC000431DB6FA94A0B43536503E097F8173125
:10EDBC0087F81631D7F80431D3E9002302F4801315
:10EDCC003B6500237B65D7E914120B46134309D02E
:10EDDC009E4B1B6D23F00041D7F804311B6F9B4AEF
:10EDEC000B431365D7F80431D3E9002302F4001365
:10EDFC00BB640023FB64D7E912120B46134309D002
:10EE0C00924B1B6D23F08071D7F804319B6E8F4AA7
:10EE1C000B431365D7F80431D3E9002302F0804388
:10EE2C003B6400237B64D7E910120B4613430ED0CE
:10EE3C00864B1B69854A23F400431361834B196984
:10EE4C00D7F80431D3F8B430804A0B431361D7F8A8
:10EE5C000431D3E9002302F00043BB630023FB63BE
:10EE6C00D7E90E120B46134309D0784BDB6C23F019
:10EE7C004051D7F804315B6D744A0B43D364D7F817
:10EE8C000431D3E9002302F400033B6300237B63CA
:10EE9C00D7E90C120B4613430AD06C4B5B6D23F471
:10EEAC004001D7F80431D3F88830684A0B435365D6
:10EEBC00D7F80431D3E900230021B96203F0010330
:10EECC00FB62D7E90A120B46134311D0D7F8043171
:10EEDC0008330021184600F079FB034687F81731F8
:10EEEC0097F81731002B03D097F8173187F81631A4
:10EEFC00D7F80431D3E900230021396203F002036F
:10EF0C007B62D7E908120B46134311D0D7F80431B2
:10EF1C0008330121184600F059FB034687F81731D6
:10EF2C0097F81731002B03D097F8173187F8163163
:10EF3C00D7F80431D3E900230021B96103F00403AD
:10EF4C00FB61D7E906120B46134311D0D7F80431F5
:10EF5C0008330221184600F039FB034687F81731B5
:10EF6C0097F81731002B03D097F8173187F8163123
:10EF7C00D7F80431D3E900230021396103F00803E9
:10EF8C007B61D7E904120B46134311D0D7F8043137
:10EF9C0028330021184600F0CBFB034687F81731C5
:10EFAC0097F81731002B03D097F8173187F81631E3
:10EFBC00D7F80431D3E900230021B96003F0100322
:10EFCC00FB60D7E902120B46134311D0D7F804317A
:10EFDC0028330121184600F0ABFB034687F81731A4
:10EFEC0097F81731002B03D097F8173187F81631A3
:10EFFC00D7F80431D3E900230021396003F0200352
:10F00C007B60D7E900120B46134311D0D7F80431BB
:10F01C0028330221184600F08BFB034687F8173182
:10F02C0097F81731002B03D097F8173187F8163162
:10F03C0097F81631002B01D1002300E0012318466C
:10F04C0007F58C77BD46BDE8B08F00BF0044025871
:10F05C0080B500AFFEF700FE0246064B1B6A1B098B
:10F06C0003F007030449CB5C03F01F0322FA03F3FC
:10F07C00184680BD004402587060010880B489B005
:10F08C0000AF7860A14B9B6A03F00303BB619F4BFD
:10F09C009B6A1B0B03F03F037B619C4BDB6A1B09D8
:10F0AC0003F001033B61994BDB6BDB08C3F30C03EF
:10F0BC003A6902FB03F307EE903AF8EE677AC7ED74
:10F0CC00037A7B69002B00F01181BB69022B00F0E5
:10F0DC008380BB69022B00F2A180BB69002B03D09B
:10F0EC00BB69012B56D099E0884B1B6803F02003B9
:10F0FC00002B2DD0854B1B68DB0803F00303844ADF
:10F10C0022FA03F3BB60BB6807EE903AF8EE676A2D
:10F11C007B6907EE903AF8EE677A86EEA77A7B4B1E
:10F12C009B6BC3F3080307EE903AF8EE676A97ED12
:10F13C00036ADFED785AC6EE257A76EEA77AF7EEFB
:10F14C00006A77EEA67A67EE277AC7ED077A87E032
:10F15C007B6907EE903AF8EE677ADFED6F6A86EE20
:10F16C00A77A6A4B9B6BC3F3080307EE903AF8EE51
:10F17C00676A97ED036ADFED675AC6EE257A76EE7D
:10F18C00A77AF7EE006A77EEA67A67EE277AC7EDD4
:10F19C00077A65E07B6907EE903AF8EE677ADFED67
:10F1AC005F6A86EEA77A594B9B6BC3F3080307EE95
:10F1BC00903AF8EE676A97ED036ADFED565AC6EEA1
:10F1CC00257A76EEA77AF7EE006A77EEA67A67EEE6
:10F1DC00277AC7ED077A43E07B6907EE903AF8EEA1
:10F1EC00677ADFED4F6A86EEA77A484B9B6BC3F3C9
:10F1FC00080307EE903AF8EE676A97ED036ADFEDC5
:10F20C00455AC6EE257A76EEA77AF7EE006A77EEC7
:10F21C00A67A67EE277AC7ED077A21E07B6907EEBD
:10F22C00903AF8EE677ADFED3D6A86EEA77A374BB7
:10F23C009B6BC3F3080307EE903AF8EE676A97ED01
:10F24C00036ADFED345AC6EE257A76EEA77AF7EE2E
:10F25C00006A77EEA67A67EE277AC7ED077A00BFC9
:10F26C002A4B9B6B5B0A03F07F0307EE903AF8EE98
:10F27C00677AB7EE007A37EE877AD7ED076AC6EE73
:10F28C00877AFCEEE77A17EE902A7B681A601F4BA0
:10F29C009B6B1B0C03F07F0307EE903AF8EE677A3A
:10F2AC00B7EE007A37EE877AD7ED076AC6EE877A23
:10F2BC00FCEEE77A17EE902A7B685A60134B9B6B37
:10F2CC001B0E03F07F0307EE903AF8EE677AB7EE69
:10F2DC00007A37EE877AD7ED076AC6EE877AFCEEAE
:10F2EC00E77A17EE902A7B689A6008E07B68002228
:10F2FC001A607B6800225A607B6800229A6000BF0B
:10F30C002437BD465DF8047B704700BF00440258AB
:10F31C000090D003000000460024744C0024744A72
:10F32C0020BCBE4B80B489B000AF7860A14B9B6A07
:10F33C0003F00303BB619F4B9B6A1B0D03F03F0360
:10F34C007B619C4BDB6A1B0A03F001033B61994B0D
:10F35C005B6CDB08C3F30C033A6902FB03F307EEA7
:10F36C00903AF8EE677AC7ED037A7B69002B00F0D0
:10F37C001181BB69022B00F08380BB69022B00F268
:10F38C00A180BB69002B03D0BB69012B56D099E03F
:10F39C00884B1B6803F02003002B2DD0854B1B687A
:10F3AC00DB0803F00303844A22FA03F3BB60BB6857
:10F3BC0007EE903AF8EE676A7B6907EE903AF8EE42
:10F3CC00677A86EEA77A7B4B1B6CC3F3080307EEB8
:10F3DC00903AF8EE676A97ED036ADFED785AC6EE5D
:10F3EC00257A76EEA77AF7EE006A77EEA67A67EEC4
:10F3FC00277AC7ED077A87E07B6907EE903AF8EE3B
:10F40C00677ADFED6F6A86EEA77A6A4B1B6CC3F3E3
:10F41C00080307EE903AF8EE676A97ED036ADFEDA2
:10F42C00675AC6EE257A76EEA77AF7EE006A77EE83
:10F43C00A67A67EE277AC7ED077A65E07B6907EE57
:10F44C00903AF8EE677ADFED5F6A86EEA77A594B51
:10F45C001B6CC3F3080307EE903AF8EE676A97ED5E
:10F46C00036ADFED565AC6EE257A76EEA77AF7EEEA
:10F47C00006A77EEA67A67EE277AC7ED077A43E043
:10F48C007B6907EE903AF8EE677ADFED4F6A86EE0D
:10F49C00A77A484B1B6CC3F3080307EE903AF8EEBF
:10F4AC00676A97ED036ADFED455AC6EE257A76EE6C
:10F4BC00A77AF7EE006A77EEA67A67EE277AC7EDA1
:10F4CC00077A21E07B6907EE903AF8EE677ADFED78
:10F4DC003D6A86EEA77A374B1B6CC3F3080307EE25
:10F4EC00903AF8EE676A97ED036ADFED345AC6EE90
:10F4FC00257A76EEA77AF7EE006A77EEA67A67EEB3
:10F50C00277AC7ED077A00BF2A4B1B6C5B0A03F006
:10F51C007F0307EE903AF8EE677AB7EE007A37EE93
:10F52C00877AD7ED076AC6EE877AFCEEE77A17EE94
:10F53C00902A7B681A601F4B1B6C1B0C03F07F031B
:10F54C0007EE903AF8EE677AB7EE007A37EE877AE4
:10F55C00D7ED076AC6EE877AFCEEE77A17EE902AAB
:10F56C007B685A60134B1B6C1B0E03F07F0307EE7A
:10F57C00903AF8EE677AB7EE007A37EE877AD7EDE5
:10F58C00076AC6EE877AFCEEE77A17EE902A7B685C
:10F59C009A6008E07B6800221A607B6800225A603F
:10F5AC007B6800229A6000BF2437BD465DF8047B5F
:10F5BC00704700BF004402580090D0030000004682
:10F5CC000024744C0024744A20BCBE4B80B584B01B
:10F5DC0000AF786039600023FB73534B9B6A03F0D8
:10F5EC000303032B01D1012399E04F4B1B684E4AB7
:10F5FC0023F080631360F5F7B7FFB86008E0F5F708
:10F60C00B3FF0246BB68D31A022B01D9032386E051
:10F61C00454B1B6803F00063002BF0D1424B9B6AF7
:10F62C0023F47C327B681B681B033F4913438B62BA
:10F63C007B685B68013BC3F308027B689B68013BFA
:10F64C005B029BB21A437B68DB68013B1B0403F42F
:10F65C00FE031A437B681B69013B1B0603F0FE4348
:10F66C00314913438B63304BDB6A23F0C0027B6858
:10F67C005B692D491343CB622B4BDB6A23F02002D1
:10F68C007B689B6928491343CB62274BDB6A264A6C
:10F69C0023F01003D362244BDA6B244B13407A68AB
:10F6AC00D269D20020491343CB631F4BDB6A1E4A3D
:10F6BC0043F01003D3623B68002B06D11A4BDB6A74
:10F6CC00194A43F40023D3620FE03B68012B06D1A7
:10F6DC00154BDB6A144A43F48013D36205E0124BDA
:10F6EC00DB6A114A43F40013D3620F4B1B680E4ABA
:10F6FC0043F080631360F5F737FFB86008E0F5F767
:10F70C0033FF0246BB68D31A022B01D9032306E050
:10F71C00054B1B6803F00063002BF0D0FB7B1846F5
:10F72C001037BD4680BD00BF004402580700FFFFE4
:10F73C0080B584B000AF786039600023FB73534B05
:10F74C009B6A03F00303032B01D1012399E04F4B78
:10F75C001B684E4A23F080531360F5F705FFB86021
:10F76C0008E0F5F701FF0246BB68D31A022B01D95A
:10F77C00032386E0454B1B6803F00053002BF0D1AC
:10F78C00424B9B6A23F07C727B681B681B053F49CC
:10F79C0013438B627B685B68013BC3F308027B6895
:10F7AC009B68013B5B029BB21A437B68DB68013BA5
:10F7BC001B0403F4FE031A437B681B69013B1B0605
:10F7CC0003F0FE43314913430B64304BDB6A23F4E3
:10F7DC0040627B685B692D491343CB622B4BDB6A20
:10F7EC0023F400727B689B6928491343CB62274B37
:10F7FC00DB6A264A23F48073D362244B5A6C244B65
:10F80C0013407A68D269D200204913434B641F4BD2
:10F81C00DB6A1E4A43F48073D3623B68002B06D12B
:10F82C001A4BDB6A194A43F48003D3620FE03B683E
:10F83C00012B06D1154BDB6A144A43F40003D36247
:10F84C0005E0124BDB6A114A43F08073D3620F4B15
:10F85C001B680E4A43F080531360F5F785FEB860C1
:10F86C0008E0F5F781FE0246BB68D31A022B01D9DA
:10F87C00032306E0054B1B6803F00053002BF0D06C
:10F88C00FB7B18461037BD4680BD00BF00440258B4
:10F89C000700FFFF80B582B000AF78607B68002B5B
:10F8AC0001D1012342E07B68D3F88830002B06D1CC
:10F8BC007B68002283F884207868F5F7E3F97B688D
:10F8CC002422C3F888207B681B681A687B681B6835
:10F8DC0022F001021A607B689B6A002B02D07868C8
:10F8EC0001F004FC786800F095FD0346012B01D172
:10F8FC0001231BE07B681B685A687B681B6822F439
:10F90C0090425A607B681B689A687B681B6822F07F
:10F91C002A029A607B681B681A687B681B6842F035
:10F92C0001021A60786801F083FC03461846083718
:10F93C00BD4680BD80B58AB000AFF860B960134693
:10F94C00FB80FB68D3F88830202B67D1BB68002B79
:10F95C0002D0FB88002B01D1012360E0FB68BA6860
:10F96C001A65FB68FA88A3F85420FB68FA88A3F898
:10F97C005620FB680022C3F89020FB682122C3F8B4
:10F98C008820FB68DB6F002B28D0FB68DB6F264AD6
:10F99C00DA63FB68DB6F254A1A64FB68DB6F244A69
:10F9AC00DA64FB68DB6F00221A65FB68D86FFB68B2
:10F9BC001B6D1946FB681B6828331A46FB88F6F743
:10F9CC00E3FA0346002B09D0FB681022C3F8902001
:10F9DC00FB682022C3F88820012320E0FB681B6809
:10F9EC0040221A62FB681B6808337B617B6953E811
:10F9FC00003F3B613B6943F080037B62FB681B6803
:10FA0C0008337A6A3A62FB61F9693A6A41E8002381
:10FA1C00BB61BB69002BE5D1002300E00223184633
:10FA2C002837BD4680BD00BF091701089F17010884
:10FA3C00691B010880B58AB000AFF860B960134645
:10FA4C00FB80FB68D3F88C30202B37D1BB68002BA4
:10FA5C0002D0FB88002B01D1012330E0FB6800228F
:10FA6C00DA66FB681B68184A93421FD0FB681B6858
:10FA7C005B6803F40003002B18D0FB681B687B61E8
:10FA8C007B6953E8003F3B613B6943F080637B62D9
:10FA9C00FB681B681A467B6A3B62FA61F9693A6A31
:10FAAC0041E80023BB61BB69002BE6D1FB881A46F9
:10FABC00B968F86801F0D4FC034600E0022318464C
:10FACC002837BD4680BD00BF000C005880B594B0EF
:10FADC0000AF78607B681B687B637B6B53E8003FEF
:10FAEC003B633B6B23F0C003FB647B681B681A46CB
:10FAFC00FB6C3B64FA63F96B3A6C41E80023BB6323
:10FB0C00BB6B002BE6D17B681B6808333B623B6AFE
:10FB1C0053E8003FFB61FB6923F40003BB647B6883
:10FB2C001B680833BA6CFA62BB62B96AFA6A41E8BC
:10FB3C0000237B627B6A002BE5D17B681B689B688A
:10FB4C0003F08003802B3CD17B681B680833FB607F
:10FB5C00FB6853E8003FBB60BB6823F080037B6409
:10FB6C007B681B6808337A6CBA617B617969BA6906
:10FB7C0041E800233B613B69002BE5D17B68DB6FDF
:10FB8C00002B13D07B68DB6F1C4A1A657B68DB6F1C
:10FB9C001846F6F781FF0346002B29D07B68DB6FF4
:10FBAC001B6D7A68D26F1046984721E07B68002263
:10FBBC009A677B682022C3F88820786800F014FCD0
:10FBCC0016E07B6800229A677B685B6EB3F1005F7E
:10FBDC0007D17B681B689A697B681B6842F010022E
:10FBEC009A617B682022C3F88820786800F0FCFBBF
:10FBFC00002318465037BD4680BD00BFF51B0108D9
:10FC0C0080B5BAB000AF78607B681B68DB69C7F859
:10FC1C00E4307B681B681B68C7F8E0307B681B68A6
:10FC2C009B68C7F8DC30D7F8E42040F60F0313408C
:10FC3C00C7F8D830D7F8D830002B1BD1D7F8E43020
:10FC4C0003F02003002B15D0D7F8E03003F020038D
:10FC5C00002B05D1D7F8DC3003F08053002B09D0F2
:10FC6C007B685B6F002B00F093837B685B6F78681D
:10FC7C0098478DE3D7F8D830002B00F02381D7F8C4
:10FC8C00DC208D4B1340002B06D1D7F8E0208B4B9A
:10FC9C001340002B00F01681D7F8E43003F0010379
:10FCAC00002B11D0D7F8E03003F48073002B0BD06D
:10FCBC007B681B6801221A627B68D3F8903043F092
:10FCCC0001027B68C3F89020D7F8E43003F00203FC
:10FCDC00002B11D0D7F8DC3003F00103002B0BD034
:10FCEC007B681B6802221A627B68D3F8903043F061
:10FCFC0004027B68C3F89020D7F8E43003F00403C7
:10FD0C00002B11D0D7F8DC3003F00103002B0BD003
:10FD1C007B681B6804221A627B68D3F8903043F02E
:10FD2C0002027B68C3F89020D7F8E43003F0080394
:10FD3C00002B17D0D7F8E03003F02003002B05D1AF
:10FD4C00D7F8DC205C4B1340002B0BD07B681B6876
:10FD5C0008221A627B68D3F8903043F008027B6863
:10FD6C00C3F89020D7F8E43003F40063002B12D0D2
:10FD7C00D7F8E03003F08063002B0CD07B681B6855
:10FD8C004FF400621A627B68D3F8903043F0200283
:10FD9C007B68C3F890207B68D3F89030002B00F080
:10FDAC00F982D7F8E43003F02003002B13D0D7F8F6
:10FDBC00E03003F02003002B05D1D7F8DC3003F042
:10FDCC008053002B07D07B685B6F002B03D07B68C4
:10FDDC005B6F786898477B68D3F89030C7F8D4305D
:10FDEC007B681B689B6803F04003402B05D0D7F859
:10FDFC00D43003F02803002B54D0786801F018FCA1
:10FE0C007B681B689B6803F04003402B46D17B68E2
:10FE1C001B680833C7F89C30D7F89C3053E8003F78
:10FE2C00C7F89830D7F8983023F04003C7F8D03093
:10FE3C007B681B680833D7F8D020C7F8A820C7F810
:10FE4C00A430D7F8A410D7F8A82041E80023C7F8AD
:10FE5C00A030D7F8A030002BD9D17B68D3F88030F4
:10FE6C00002B17D07B68D3F88030154A1A657B6855
:10FE7C00D3F880301846F6F70FFE0346002B19D046
:10FE8C007B68D3F880301B6D7A68D2F880201046DE
:10FE9C0098470FE07868F1F72BFA0BE07868F1F7E8
:10FEAC0027FA07E07868F1F723FA7B680022C3F899
:10FEBC0090206FE200BF6DE20100001020010004F1
:10FECC00D91B01087B68DB6E012B40F00382D7F84D
:10FEDC00E43003F01003002B00F0FC81D7F8E03085
:10FEEC0003F01003002B00F0F5817B681B681022D7
:10FEFC001A627B681B689B6803F04003402B40F040
:10FF0C006D817B68D3F880301B68A44A934268D01B
:10FF1C007B68D3F880301B68A14A934261D07B6820
:10FF2C00D3F880301B689F4A93425AD07B68D3F831
:10FF3C0080301B689C4A934253D07B68D3F8803046
:10FF4C001B689A4A93424CD07B68D3F880301B686C
:10FF5C00974A934245D07B68D3F880301B68954A0A
:10FF6C0093423ED07B68D3F880301B68924A934210
:10FF7C0037D07B68D3F880301B68904A934230D0DE
:10FF8C007B68D3F880301B688D4A934229D07B68FC
:10FF9C00D3F880301B688B4A934222D07B68D3F80D
:10FFAC0080301B68884A93421BD07B68D3F8803022
:10FFBC001B68864A934214D07B68D3F880301B6848
:10FFCC00834A93420DD07B68D3F880301B68814AFA
:10FFDC00934206D07B68D3F880301B687E4A9342EC
:10FFEC0006D17B68D3F880301B685B689BB205E058
:04FFFC007B68D3F853
:020000040801F1
:1000000080301B685B689BB2A7F8BE30B7F8BE3083
:10001000002B00F0AD807B68B3F85C30B7F8BE20F1
:100020009A4280F0A5807B68B7F8BE20A3F85E20D6
:100030007B68D3F88030DB69B3F5807F00F0878080
:100040007B681B68C7F88830D7F8883053E8003FD2
:10005000C7F88430D7F8843023F48073C7F8B830F9
:100060007B681B681A46D7F8B830C7F89430C7F8D1
:100070009020D7F89010D7F8942041E80023C7F8D3
:100080008C30D7F88C30002BDAD17B681B680833B2
:100090007B677B6F53E8003F3B673B6F23F00103B7
:1000A000C7F8B4307B681B680833D7F8B420C7F8AA
:1000B0008020FB67F96FD7F8802041E80023BB67F9
:1000C000BB6F002BE1D17B681B6808333B663B6E3E
:1000D00053E8003FFB65FB6D23F04003C7F8B030E9
:1000E0007B681B680833D7F8B020FA66BB66B96E28
:1000F000FA6E41E800237B667B6E002BE3D17B68C0
:100100002022C3F88C207B680022DA667B681B689B
:10011000FB64FB6C53E8003FBB64BB6C23F0100333
:10012000C7F8AC307B681B681A46D7F8AC30BB65A3
:100130007A65796DBA6D41E800233B653B6D002B14
:10014000E4D17B68D3F880301846F6F78DF97B68E8
:1001500002221A677B68B3F85C207B68B3F85E30D4
:100160009BB2D31A9BB21946786800F04DF919E199
:100170007B68B3F85C30B7F8BE209A4240F0128139
:100180007B68D3F88030DB69B3F5807F40F00A816B
:100190007B6802221A677B68B3F85C30194678687E
:1001A00000F032F9FEE000BF1000024028000240DB
:1001B00040000240580002407000024088000240A7
:1001C000A0000240B800024010040240280402408F
:1001D0004004024058040240700402408804024077
:1001E000A0040240B80402407B68B3F85C207B683E
:1001F000B3F85E309BB2D31AA7F8CE307B68B3F861
:100200005E309BB2002B00F0CF80B7F8CE30002BD1
:1002100000F0CA807B681B68BB63BB6B53E8003F80
:100220007B637B6B23F49073C7F8C8307B681B68D3
:100230001A46D7F8C8307B643A64396C7A6C41E866
:100240000023FB63FB6B002BE4D17B681B68083346
:100250007B627B6A53E8003F3B623A6A554B13402E
:10026000C7F8C4307B681B680833D7F8C4203A63EA
:10027000FB62F96A3A6B41E80023BB62BB6A002B60
:10028000E3D17B682022C3F88C207B680022DA66E9
:100290007B6800225A677B681B683B613B6953E8B7
:1002A000003FFB60FB6823F01003C7F8C0307B6899
:1002B0001B681A46D7F8C030FB61BA61B969FA69A0
:1002C00041E800237B617B69002BE4D17B6802223B
:1002D0001A67B7F8CE301946786800F095F863E0F1
:1002E000D7F8E43003F48013002B0ED0D7F8DC30BD
:1002F00003F48003002B08D07B681B684FF4801246
:100300001A62786801F0C0FC51E0D7F8E43003F0DD
:100310008003002B14D0D7F8E03003F08003002BCB
:1003200005D1D7F8DC3003F40003002B08D07B683C
:100330009B6F002B3AD07B689B6F7868984735E0BD
:10034000D7F8E43003F04003002B09D0D7F8E030B1
:1003500003F04003002B03D0786801F06AFC26E02C
:10036000D7F8E43003F40003002B09D0D7F8E030CD
:1003700003F08043002B03D0786801F099FC16E06D
:10038000D7F8E43003F08073002B10D0D7F8E030BA
:10039000002B0CDA786801F081FC08E000BF06E071
:1003A00000BF04E000BF02E000BF00E000BFE8378C
:1003B000BD4680BDFEFFFFEF80B483B000AF786024
:1003C00000BF0C37BD465DF8047B704780B483B036
:1003D00000AF786000BF0C37BD465DF8047B704706
:1003E00080B483B000AF786000BF0C37BD465DF8C5
:1003F000047B704780B483B000AF786000BF0C37D7
:10040000BD465DF8047B704780B483B000AF786070
:100410000B467B8000BF0C37BD465DF8047B704700
:100420002DE9B04F92B000AF7861002387F84230D9
:100430007B699A687B691B691A437B695B691A430C
:100440007B69DB6913437B647B691B681A68BE4B5D
:1004500013407A691268796C0B4313607B691B68DF
:100460005B6823F440517B69DA687B691B680A4347
:100470005A607B699B697B647B691B68B34A9342C2
:1004800004D07B691B6A7A6C13437B647B691B68AD
:100490009A68AF4B13407A691268796C0B4393608A
:1004A0007B691B68DB6A23F00F017B695A6A7B69F1
:1004B0001B680A43DA627B691B68A64A934277D1BC
:1004C000A54B5B6D03F03803282B6DD801A252F8C1
:1004D00023F000BF79050108A9050108A905010855
:1004E000A9050108A9050108A9050108A905010830
:1004F000A905010881050108A9050108A905010848
:10050000A9050108A9050108A9050108A90501080F
:10051000A905010889050108A9050108A90501081F
:10052000A9050108A9050108A9050108A9050108EF
:10053000A905010891050108A9050108A9050108F7
:10054000A9050108A9050108A9050108A9050108CF
:10055000A905010899050108A9050108A9050108CF
:10056000A9050108A9050108A9050108A9050108AF
:10057000A9050108A1050108012387F8433026E3F6
:10058000042387F8433022E3082387F843301EE32F
:10059000102387F843301AE3202387F8433016E30B
:1005A000402387F8433012E3802387F843300EE37B
:1005B0007B691B68694A934230D1674B5B6D03F0DE
:1005C0000703052B26D801A252F823F0E505010800
:1005D000ED050108F5050108FD05010805060108FE
:1005E0000D060108002387F84330F0E2042387F862
:1005F0004330ECE2082387F84330E8E2102387F821
:100600004330E4E2202387F84330E0E2402387F8D8
:100610004330DCE2802387F84330D8E27B691B68F3
:100620004F4A934230D14C4B5B6D03F00703052BCF
:1006300026D801A252F823F05106010859060108F4
:1006400061060108690601087106010879060108BA
:10065000002387F84330BAE2042387F84330B6E238
:10066000082387F84330B2E2102387F84330AEE224
:10067000202387F84330AAE2402387F84330A6E2DC
:10068000802387F84330A2E27B691B68354A934296
:1006900030D1314B5B6D03F00703052B26D801A247
:1006A00052F823F0BD060108C5060108CD06010871
:1006B000D5060108DD060108E5060108002387F8D4
:1006C000433084E2042387F8433080E2082387F82C
:1006D00043307CE2102387F8433078E2202387F808
:1006E000433074E2402387F8433070E2802387F878
:1006F00043306CE27B691B681B4A934242D1164B24
:100700005B6D03F00703052B38D801A252F823F0E4
:1007100029070108310701083907010841070108C5
:100720006D07010875070108002387F843304EE282
:10073000042387F843304AE2082387F8433046E22F
:10074000102387F8433042E2F369FFCF000C0058D2
:10075000FFF4FF1100100140004402580044004023
:1007600000480040004C004000500040202387F823
:1007700043302CE2402387F8433028E2802387F877
:10078000433024E27B691B68B14A934276D1B14B76
:100790005B6D03F03803282B6CD801A252F823F0CC
:1007A0004508010875080108750801087508010861
:1007B0007508010875080108750801087508010821
:1007C0004D08010875080108750801087508010839
:1007D0007508010875080108750801087508010801
:1007E0005508010875080108750801087508010811
:1007F00075080108750801087508010875080108E1
:100800005D080108750801087508010875080108E8
:1008100075080108750801087508010875080108C0
:1008200065080108750801087508010875080108C0
:1008300075080108750801087508010875080108A0
:100840006D080108012387F84330C0E1042387F8CD
:100850004330BCE1082387F84330B8E1102387F820
:100860004330B4E1202387F84330B0E1402387F8D8
:100870004330ACE1802387F84330A8E17B691B68F3
:10088000754A934230D1734B5B6D03F00703052B20
:1008900026D801A252F823F0B1080108B9080108CE
:1008A000C1080108C9080108D1080108D9080108D0
:1008B000002387F843308AE1042387F8433086E138
:1008C000082387F8433082E1102387F843307EE124
:1008D000202387F843307AE1402387F8433076E1DC
:1008E000802387F8433072E17B691B685B4A93423F
:1008F00030D1584B5B6D03F00703052B26D801A2BE
:1009000052F823F01D090108250901082D090108E5
:10091000350901083D09010845090108002387F848
:10092000433054E1042387F8433050E1082387F82B
:1009300043304CE1102387F8433048E1202387F807
:10094000433044E1402387F8433040E1802387F877
:1009500043303CE17B691B68414A934240F082800E
:100960003C4B5B6D03F03803282B6DD801A252F885
:1009700023F000BF190A0108490A0108490A0108C1
:10098000490A0108490A0108490A0108490A0108F7
:10099000490A0108210A0108490A0108490A01080F
:1009A000490A0108490A0108490A0108490A0108D7
:1009B000490A0108290A0108490A0108490A0108E7
:1009C000490A0108490A0108490A0108490A0108B7
:1009D000490A0108310A0108490A0108490A0108BF
:1009E000490A0108490A0108490A0108490A010897
:1009F000490A0108390A0108490A0108490A010897
:100A0000490A0108490A0108490A0108490A010876
:100A1000490A0108410A0108012387F84330D6E05A
:100A2000042387F84330D2E0082387F84330CEE030
:100A3000102387F84330CAE0202387F84330C6E00C
:100A4000402387F84330C2E0802387F84330BEE07C
:100A5000001401400044025800780040007C00402F
:100A6000001801407B691B68AD4A934276D1AD4BBB
:100A70005B6D03F03803282B6CD801A252F823F0E9
:100A8000250B0108550B0108550B0108550B0108F2
:100A9000550B0108550B0108550B0108550B0108B2
:100AA0002D0B0108550B0108550B0108550B0108CA
:100AB000550B0108550B0108550B0108550B010892
:100AC000350B0108550B0108550B0108550B0108A2
:100AD000550B0108550B0108550B0108550B010872
:100AE0003D0B0108550B0108550B0108550B01087A
:100AF000550B0108550B0108550B0108550B010852
:100B0000450B0108550B0108550B0108550B010851
:100B1000550B0108550B0108550B0108550B010831
:100B20004D0B0108012387F8433050E0042387F878
:100B300043304CE0082387F8433048E0102387F81F
:100B4000433044E0202387F8433040E0402387F8D7
:100B500043303CE0802387F8433038E07B691B68F2
:100B6000714A934230D16F4B9B6D03F00703052B05
:100B700026D801A252F823F0910B0108990B010825
:100B8000A10B0108A90B0108B10B0108B90B010861
:100B9000022387F843301AE0042387F8433016E035
:100BA000082387F8433012E0102387F843300EE023
:100BB000202387F843300AE0402387F8433006E0DB
:100BC000802387F8433002E0802387F843307B6935
:100BD0001B68554A934240F0F88097F84330202B29
:100BE00046DC022B75DB023B1E2B72D801A252F8A9
:100BF00023F000BF770C0108D30C01087F0C01081B
:100C0000D30C0108D30C0108D30C01088F0C010888
:100C1000D30C0108D30C0108D30C0108D30C010834
:100C2000D30C0108D30C0108D30C01089F0C010858
:100C3000D30C0108D30C0108D30C0108D30C010814
:100C4000D30C0108D30C0108D30C0108D30C010804
:100C5000D30C0108D30C0108D30C0108D30C0108F4
:100C6000D30C0108D30C0108D30C0108C50C0108F2
:100C7000402B2AD02DE0FEF7F1F9F8632FE007F1C1
:100C800024031846FEF700FABB6AFB6327E007F16E
:100C900018031846FEF74CFBFB69FB631FE0214B72
:100CA0001B6803F02003002B09D01E4B1B68DB08D8
:100CB00003F003031D4A22FA03F3FB630FE01B4B0F
:100CC000FB630CE01A4BFB6309E04FF40043FB634A
:100CD00005E00023FB63012387F8423000BFFB6B74
:100CE000002B00F0EE817B695B6A124A32F8133008
:100CF0001A46FB6BB3FBF2F33B637B695A681346FE
:100D00005B0013443A6B9A4205D37B695B681B0313
:100D10003A6B9A4210D9012387F84230D1E100BFE3
:100D2000001C014000440258000C00580090D00301
:100D300000093D0088600108FB6B0022BB60FA607F
:100D40007B695B6AC04A32F813309BB200223B6079
:100D50007A60D7E90023D7E90201EFF7D7FA024614
:100D60000B46104619464FF000024FF000030B02ED
:100D700043EA1063020279694968490800200C4679
:100D8000054612EB040843EB05097B695B6800220A
:100D90009A46934652465B4640464946EFF7B6FAB6
:100DA00002460B461346BB63BB6BB3F5407F08D3CB
:100DB000BB6BB3F5801F04D27B691B68BA6BDA602A
:100DC0007FE1012387F842307BE17B69DB69B3F582
:100DD000004F40F0BD8097F84330202B48DC002BBB
:100DE0007BDB202B79D801A252F823F0770E010883
:100DF0007F0E0108DB0E0108DB0E0108870E0108DB
:100E0000DB0E0108DB0E0108DB0E0108970E01085E
:100E1000DB0E0108DB0E0108DB0E0108DB0E01080A
:100E2000DB0E0108DB0E0108DB0E0108A70E01082E
:100E3000DB0E0108DB0E0108DB0E0108DB0E0108EA
:100E4000DB0E0108DB0E0108DB0E0108DB0E0108DA
:100E5000DB0E0108DB0E0108DB0E0108DB0E0108CA
:100E6000DB0E0108DB0E0108DB0E0108CD0E0108C8
:100E7000402B2ED031E0FCF725FFF86333E0FCF780
:100E800037FFF8632FE007F124031846FEF7FCF85C
:100E9000BB6AFB6327E007F118031846FEF748FA20
:100EA000FB69FB631FE0694B1B6803F02003002B09
:100EB00009D0664B1B68DB0803F00303644A22FA7F
:100EC00003F3FB630FE0624BFB630CE0614BFB63DE
:100ED00009E04FF40043FB6305E00023FB630123BB
:100EE00087F8423000BFFB6B002B00F0EA807B6983
:100EF0005B6A554A32F813301A46FB6BB3FBF2F3C8
:100F00005A007B695B685B081A447B695B68B2FBCB
:100F1000F3F3BB63BB6B0F2B16D9BB6BB3F5803FF1
:100F200012D2BB6B9BB223F00F03FB86BB6B5B083B
:100F30009BB203F007039AB2FB8E1343FB867B69D7
:100F40001B68FA8EDA60BCE0012387F84230B8E013
:100F500097F84330202B4BDC002BC0F28780202BEE
:100F600000F2848001A252F823F000BFF70F0108BD
:100F7000FF0F01086D1001086D100108071001082E
:100F80006D1001086D1001086D100108171001089F
:100F90006D1001086D1001086D1001086D10010839
:100FA0006D1001086D1001086D100108271001086F
:100FB0006D1001086D1001086D1001086D10010819
:100FC0006D1001086D1001086D1001086D10010809
:100FD0006D1001086D1001086D1001086D100108F9
:100FE0006D1001086D1001086D1001085F100108F7
:100FF000402B37D03AE0FCF765FEF8633CE0FCF7A5
:1010000077FEF86338E007F124031846FEF73CF852
:10101000BB6AFB6330E007F118031846FEF788F956
:10102000FB69FB6328E0094B1B6803F02003002BDE
:1010300012D0064B1B68DB0803F00303044A22FAB4
:1010400003F3FB6318E000BF886001080044025806
:101050000090D00300093D00244BFB630CE0244BBF
:10106000FB6309E04FF40043FB6305E00023FB63EF
:10107000012387F8423000BFFB6B002B21D07B6936
:101080005B6A1C4A32F813301A46FB6BB3FBF2F270
:101090007B695B685B081A447B695B68B2FBF3F3AE
:1010A000BB63BB6B0F2B09D9BB6BB3F5803F05D27C
:1010B000BB6B9AB27B691B68DA6002E0012387F898
:1010C00042307B690122A3F86A207B690122A3F8E0
:1010D00068207B6900225A677B6900229A6797F82B
:1010E000423018464837BD46BDE8B08F0090D00367
:1010F00000093D008860010880B483B000AF7860CB
:101100007B689B6A03F00803002B0AD07B681B688E
:101110005B6823F400417B689A6B7B681B680A4319
:101120005A607B689B6A03F00103002B0AD07B683E
:101130001B685B6823F400317B68DA6A7B681B6894
:101140000A435A607B689B6A03F00203002B0AD0B3
:101150007B681B685B6823F480317B681A6B7B6853
:101160001B680A435A607B689B6A03F00403002BE8
:101170000AD07B681B685B6823F480217B685A6B0C
:101180007B681B680A435A607B689B6A03F0100304
:10119000002B0AD07B681B689B6823F480517B6816
:1011A000DA6B7B681B680A439A607B689B6A03F072
:1011B0002003002B0AD07B681B689B6823F4005136
:1011C0007B681A6C7B681B680A439A607B689B6A21
:1011D00003F04003002B1AD07B681B685B6823F484
:1011E00080117B685A6C7B681B680A435A607B6875
:1011F0005B6CB3F5801F0AD17B681B685B6823F4C6
:10120000C0017B689A6C7B681B680A435A607B68E4
:101210009B6A03F08003002B0AD07B681B685B6825
:1012200023F400217B68DA6C7B681B680A435A60F0
:1012300000BF0C37BD465DF8047B704780B598B0A1
:1012400002AF78607B680022C3F89020F4F792F92F
:1012500078657B681B681B6803F00803082B2FD197
:101260006FF07E4300937B6D00224FF4001178688D
:1012700000F08EF80346002B22D07B681B68BB630E
:10128000BB6B53E8003F7B637B6B23F080033B65C4
:101290007B681B681A463B6D7B643A64396C7A6CD8
:1012A00041E80023FB63FB6B002BE6D17B68202227
:1012B000C3F888207B68002283F88420032363E03E
:1012C0007B681B681B6803F00403042B49D16FF093
:1012D0007E4300937B6D00224FF48001786800F01C
:1012E00057F80346002B3CD07B681B687B627B6A07
:1012F00053E8003F3B623B6A23F49073FB647B68D6
:101300001B681A46FB6C3B63FA62F96A3A6B41E868
:101310000023BB62BB6A002BE6D17B681B680833E5
:101320003B613B6953E8003FFB60FB6823F001032E
:10133000BB647B681B680833BA6CFA61BB61B9692E
:10134000FA6941E800237B617B69002BE5D17B686A
:101350002022C3F88C207B68002283F8842003239A
:1013600012E07B682022C3F888207B682022C3F823
:101370008C207B680022DA667B6800221A677B6813
:10138000002283F88420002318465837BD4680BDCC
:1013900080B584B000AFF860B9603B601346FB7164
:1013A0004FE0BB69B3F1FF3F4BD0F4F7E3F80246DF
:1013B0003B68D31ABA699A4202D3BB69002B01D1A8
:1013C00003234EE0FB681B681B6803F00403002B3B
:1013D00037D0BB68802B34D0BB68402B31D0FB6842
:1013E0001B68DB6903F00803082B10D1FB681B683E
:1013F00008221A62F86800F021F9FB680822C3F895
:101400009020FB68002283F88420012329E0FB68F8
:101410001B68DB6903F40063B3F5006F11D1FB684F
:101420001B684FF400621A62F86800F007F9FB6865
:101430002022C3F89020FB68002283F88420032335
:101440000FE0FB681B68DA69BB681340BA689A4210
:101450000CBF01230023DBB21A46FB799A42A0D0CD
:10146000002318461037BD4680BD000080B596B0F9
:1014700000AFF860B9601346FB80FB68BA689A65F4
:10148000FB68FA88A3F85C20FB680022C3F8902070
:10149000FB682222C3F88C20FB68D3F88030002B35
:1014A0002DD0FB68D3F88030404ADA63FB68D3F86C
:1014B00080303F4A1A64FB68D3F880303D4ADA64D2
:1014C000FB68D3F8803000221A65FB68D3F88000EF
:1014D000FB681B6824331946FB689B6D1A46FB8822
:1014E000F4F758FD0346002B09D0FB681022C3F81F
:1014F0009020FB682022C3F88C20012351E0FB6878
:101500001B69002B18D0FB681B68FB63FB6B53E85F
:10151000003FBB63BB6B43F480737B65FB681B6858
:101520001A467B6DBB647A64796CBA6C41E800231F
:101530003B643B6C002BE6D1FB681B680833BB6245
:10154000BB6A53E8003F7B627B6A43F001033B6563
:10155000FB681B6808333A6D7A633B63396B7A6BBF
:1015600041E80023FB62FB6A002BE5D1FB681B68A6
:1015700008337B617B6953E8003F3B613B6943F083
:101580004003FB64FB681B680833FA6C3A62FB613A
:10159000F9693A6A41E80023BB61BB69002BE5D1D8
:1015A000002318465837BD4680BD00BFBD1701084F
:1015B000091A0108691B010880B48FB000AF786078
:1015C0007B681B683B623B6A53E8003FFB61FB6939
:1015D00023F0C0037B637B681B681A467B6BFB624E
:1015E000BA62B96AFA6A41E800237B627B6A002B1F
:1015F000E6D17B681B680833FB60FB6853E8003F5B
:10160000BB60BB6823F400033B637B681B68083343
:101610003A6BBA617B617969BA6941E800233B6141
:101620003B69002BE5D17B682022C3F8882000BFEE
:101630003C37BD465DF8047B7047000080B495B030
:1016400000AF78607B681B687B637B6B53E8003F6F
:101650003B633B6B23F49073FB647B681B681A4607
:10166000FB6C3B64FA63F96B3A6C41E80023BB63A3
:10167000BB6B002BE6D17B681B6808333B623B6A7F
:1016800053E8003FFB61FA691E4B1340BB647B6863
:101690001B680833BA6CFA62BB62B96AFA6A41E83D
:1016A00000237B627B6A002BE5D17B68DB6E012B1C
:1016B00018D17B681B68FB60FB6853E8003FBB6088
:1016C000BB6823F010037B647B681B681A467B6C45
:1016D000BB617A617969BA6941E800233B613B6982
:1016E000002BE6D17B682022C3F88C207B68002287
:1016F000DA667B6800225A6700BF5437BD465DF842
:10170000047B7047FEFFFFEF80B590B000AF7860BC
:101710007B689B6BFB637B68DB69B3F5807F37D0AD
:10172000FB6B0022A3F85620FB6B1B6808337B621F
:101730007B6A53E8003F3B623B6A23F08003BB6354
:10174000FB6B1B680833BA6B3A63FB62F96A3A6B4E
:1017500041E80023BB62BB6A002BE5D1FB6B1B6831
:101760003B613B6953E8003FFB60FB6843F040038B
:101770007B63FB6B1B681A467B6BFB61BA61B969C3
:10178000FA6941E800237B617B69002BE6D102E026
:10179000F86BEFF747FD00BF4037BD4680BD80B511
:1017A00084B000AF78607B689B6BFB60F868FEF7E5
:1017B00003FE00BF1037BD4680BD000080B59CB061
:1017C00000AF78607B689B6BFB667B68DB69B3F579
:1017D000807F71D0FB6E0022A3F85E20FB6E1B6839
:1017E000BB64BB6C53E8003F7B647B6C23F4807369
:1017F000BB66FB6E1B681A46BB6E7B653A65396D2E
:101800007A6D41E80023FB64FB6C002BE6D1FB6E94
:101810001B6808337B637B6B53E8003F3B633B6B88
:1018200023F001037B66FB6E1B6808337A6E3A6413
:10183000FB63F96B3A6C41E80023BB63BB6B002B85
:10184000E5D1FB6E1B6808333B623B6A53E8003FFF
:10185000FB61FB6923F040033B66FB6E1B680833AA
:101860003A6EFA62BB62B96AFA6A41E800237B62A7
:101870007B6A002BE5D1FB6E2022C3F88C20FB6E27
:10188000DB6E012B18D1FB6E1B68FB60FB6853E815
:10189000003FBB60BB6823F01003FB65FB6E1B6859
:1018A0001A46FB6DBB617A617969BA6941E8002328
:1018B0003B613B69002BE6D1FB6E00221A67FB6E91
:1018C000DB6E012B78D1FB6E0022A3F85E207B68D3
:1018D0001B683D4A93424AD07B681B683B4A93424F
:1018E00045D07B681B683A4A934240D07B681B68AE
:1018F000384A93423BD07B681B68374A934236D0C4
:101900007B681B68354A934231D07B681B68344A38
:1019100093422CD07B681B68324A934227D07B6865
:101920001B68314A934222D07B681B682F4A93423E
:101930001DD07B681B682E4A934218D07B681B68B9
:101940002C4A934213D07B681B682B4A93420ED0DB
:101950007B681B68294A934209D07B681B68284A28
:10196000934204D07B681B68264A934204D17B686B
:101970001B685B689BB203E07B681B685B689BB27B
:10198000A7F85A30FB6EB3F85C30B7F85A209A4289
:1019900004D2FB6EB7F85A20A3F85E20FB6EB3F8B2
:1019A0005C20FB6EB3F85E309BB2D31A9BB2194633
:1019B000F86EFEF729FD02E0F86EFEF707FD00BFA6
:1019C0007037BD4680BD00BF1000024028000240B5
:1019D000400002405800024070000240880002406F
:1019E000A0000240B8000240100402402804024057
:1019F000400402405804024070040240880402403F
:101A0000A0040240B804024080B584B000AF786002
:101A10007B689B6BFB60FB6801221A67FB68DB6ECF
:101A2000012B79D1FB68B3F85C305B089AB2FB6894
:101A3000A3F85E207B681B683B4A93424AD07B68D0
:101A40001B683A4A934245D07B681B68384A9342E8
:101A500040D07B681B68374A93423BD07B681B6849
:101A6000354A934236D07B681B68344A934231D062
:101A70007B681B68324A93422CD07B681B68314AD2
:101A8000934227D07B681B682F4A934222D07B6801
:101A90001B682E4A93421DD07B681B682C4A9342D8
:101AA00018D07B681B682B4A934213D07B681B6855
:101AB000294A93420ED07B681B68284A934209D07A
:101AC0007B681B68264A934204D07B681B68254AC2
:101AD000934204D17B681B685B689BB203E07B6820
:101AE0001B685B689BB27B81FB68B3F85C307A89CA
:101AF0009A4203D8FB687A89A3F85E20FB68B3F8A2
:101B00005C20FB68B3F85E309BB2D31A9BB21946D7
:101B1000F868FEF779FC02E0F868FEF761FC00BFA8
:101B20001037BD4680BD00BF1000024028000240B3
:101B3000400002405800024070000240880002400D
:101B4000A0000240B80002401004024028040240F5
:101B500040040240580402407004024088040240DD
:101B6000A0040240B804024080B586B000AF78609F
:101B70007B689B6B7B617B69D3F888303B617B69B9
:101B8000D3F88C30FB607B691B689B6803F0800393
:101B9000802B05D13B69212B02D17869FFF70CFD21
:101BA0007B691B689B6803F04003402B05D1FB68F1
:101BB000222B02D17869FFF741FD7B69D3F8903081
:101BC00043F010027B69C3F890207869EFF796FB29
:101BD00000BF1837BD4680BD80B584B000AF7860C7
:101BE0007B689B6BFB60F868EFF788FB00BF1037E2
:101BF000BD4680BD80B584B000AF78607B689B6BCC
:101C0000FB60FB685B6EB3F1005F07D1FB681B688C
:101C10009A69FB681B6842F010029A61FB682022F7
:101C2000C3F88820F868FEF7E5FB00BF1037BD4613
:101C300080BD80B588B000AF78607B681B68FB60B2
:101C4000FB6853E8003FBB60BB6823F04003FB61C7
:101C50007B681B681A46FB69BB617A617969BA695E
:101C600041E800233B613B69002BE6D17B682022E1
:101C7000C3F888207B6800229A677868EFF7D2FA69
:101C800000BF2037BD4680BD80B483B000AF786010
:101C900000BF0C37BD465DF8047B704780B483B04D
:101CA00000AF786000BF0C37BD465DF8047B70471D
:101CB00080B483B000AF786000BF0C37BD465DF8DC
:101CC000047B704780B485B000AF78607B6893F880
:101CD0008430012B01D1022327E07B68012283F8A5
:101CE00084207B682422C3F888207B681B681B68DB
:101CF000FB607B681B681A687B681B6822F0010226
:101D00001A60FB6823F00053FB607B6800225A6670
:101D10007B681B68FA681A607B682022C3F88820F9
:101D20007B68002283F88420002318461437BD46C0
:101D30005DF8047B704780B584B000AF786039608F
:101D40007B6893F88430012B01D102232DE07B685E
:101D5000012283F884207B682422C3F888207B68D2
:101D60001B681B68FB607B681B681A687B681B68C4
:101D700022F001021A607B681B689B6823F06041B7
:101D80007B681B683A680A439A60786800F050F8EC
:101D90007B681B68FA681A607B682022C3F8882079
:101DA0007B68002283F88420002318461037BD4644
:101DB00080BD80B584B000AF786039607B6893F8EF
:101DC0008430012B01D102232DE07B68012283F8AE
:101DD00084207B682422C3F888207B681B681B68EA
:101DE000FB607B681B681A687B681B6822F0010235
:101DF0001A607B681B689B6823F060617B681B68C6
:101E00003A680A439A60786800F012F87B681B68A9
:101E1000FA681A607B682022C3F888207B68002259
:101E200083F88420002318461037BD4680BD00008B
:101E300080B485B000AF78607B685B6E002B08D102
:101E40007B680122A3F86A207B680122A3F868203E
:101E500031E01023FB731023BB737B681B689B6806
:101E60005B0EDBB203F007037B737B681B689B6828
:101E70005B0FDBB203F007033B73BB7B3A7B11497B
:101E80008A5C02FB03F33A7B0F498A5C93FBF2F313
:101E90009AB27B68A3F86A20FB7B7A7B09498A5C4B
:101EA00002FB03F37A7B08498A5C93FBF2F39AB254
:101EB0007B68A3F8682000BF1437BD465DF8047B3B
:101EC000704700BFA0600108A860010884B080B519
:101ED00084B000AF786007F11C0080E80E0097F82E
:101EE0002130012B21D17B689B6B23F480327B68EE
:101EF0009A637B68DA682F4B13407A68D3607B68FB
:101F0000DB6823F440127B68DA6097F82830012BF5
:101F100005D17B68DB6843F480127B68DA607868FF
:101F200001F052FB0346FB731BE07B68DB6843F068
:101F300040027B68DA60786801F046FB0346FB7379
:101F400097F82530002B06D17B689B6B43F48032D9
:101F50007B689A6305E07B689B6B23F480327B6827
:101F60009A63BB7F012B1CD17B68DB6D9AB27B68C7
:101F7000DA657B68DA6D104B13437A68D3657B684A
:101F80009B6823F01E027B689A607B689B6843F025
:101F900006027B689A607B689B6843F020027B683E
:101FA0009A60FB7B18461037BD46BDE8804004B000
:101FB000704700BFBFFFBDFF0000EE0380B487B0D5
:101FC00000AFF860B9601346FB71FB79022B65D155
:101FD000BB68414A934206D9BB68404A934202D249
:101FE0000F237B6162E0BB683C4A934206D3BB6827
:101FF0003B4A934202D20E237B6157E0BB68384ACA
:10200000934206D3BB68374A934202D20D237B61C9
:102010004CE0BB68334A934206D3BB68324A9342D2
:1020200002D80C237B6141E0BB682F4A934206D95A
:10203000BB682E4A934202D80B237B6136E0BB6813
:102040002A4A934206D9BB68294A934202D80A23F6
:102050007B612BE0BB68264A934206D9BB68254AC0
:10206000934202D209237B6120E0BB68214A93425C
:1020700006D3BB68204A934202D808237B6115E04F
:10208000BB681D4A934206D9BB681C4A934202D2E0
:1020900007237B610AE006237B6107E0FB79002BC5
:1020A00002D109237B6101E009237B61FB68DB68C6
:1020B00023F47052FB68DA60FB68DA687B699B0284
:1020C00003F470531A43FB68DA60002318461C3788
:1020D000BD465DF8047B7047BFACD800C0E1E400AA
:1020E0000024F400807306019F491A01FF2C31017E
:1020F0003FA44C0100366E011FABA6010048E80169
:1021000080B483B000AF78607B689B6843F00102C5
:102110007B689A60002318460C37BD465DF8047B47
:10212000704780B483B000AF78607B689B6823F011
:1021300001027B689A60002318460C37BD465DF8A3
:10214000047B704780B584B000AF78600B46FB70AD
:102150000023FB607B68DB6823F0C0427B68DA60A9
:10216000FB78012B15D17B68DB6843F000527B685C
:10217000DA600A20F3F70AFAFB680A33FB60786832
:1021800001F092F90346012B1ED0FB68C72BF0D952
:102190001AE0FB78002B15D17B68DB6843F08042A6
:1021A0007B68DA600A20F3F7F1F9FB680A33FB6019
:1021B000786801F079F90346002B05D0FB68C72B3E
:1021C000F0D901E0012305E0FB68C82B01D1012310
:1021D00000E0002318461037BD4680BD84B080B5AE
:1021E00086B000AF786007F1240080E80E0000237D
:1021F000FB757B68FB6000233B6109E07A683B6903
:1022000040339B00134400225A603B6901333B6119
:102210003B690E2BF2D997F82E30002B1CD1FB68AE
:1022200003F500635B68FA6802F5006243F002039D
:1022300053607B689B6B23F400127B689A637B6816
:102240001B6843F040027B681A607B681B6843F0A0
:1022500080027B681A6005E07B689B6B43F4001288
:102260007B689A63FB6803F560631A46002313607A
:1022700097F82930012B0DD197F82730002B04D186
:102280000021786800F068F908E00121786800F022
:1022900063F903E00321786800F05EF910217868A3
:1022A00000F0FAF80346002B01D00123FB75786893
:1022B00000F024F90346002B01D00123FB75FB68D5
:1022C00003F500631A4600231361FB6803F50063FE
:1022D0001A4600235361FB6803F500631A46002386
:1022E000D36100233B6143E03B695A01FB6813441F
:1022F00003F510631B6803F00043B3F1004F18D1DE
:102300003B69002B0AD13B695A01FB68134403F572
:1023100010631A464FF00063136013E03B695A01E3
:10232000FB68134403F510631A464FF090431360A3
:1023300008E03B695A01FB68134403F510631A4631
:10234000002313603B695A01FB68134403F51063D3
:102350001A46002313613B695A01FB68134403F5D5
:1023600010631A464FF67F3393603B6901333B613C
:1023700097F824301A463B699342B5D300233B615A
:1023800043E03B695A01FB68134403F530631B6863
:1023900003F00043B3F1004F18D13B69002B0AD181
:1023A0003B695A01FB68134403F530631A464FF04A
:1023B0000063136013E03B695A01FB68134403F5A3
:1023C00030631A464FF09043136008E03B695A01AE
:1023D000FB68134403F530631A46002313603B691E
:1023E0005A01FB68134403F530631A460023136156
:1023F0003B695A01FB68134403F530631A464FF6F4
:102400007F3393603B6901333B6197F824301A4670
:102410003B699342B5D3FB6803F500631B69FA6817
:1024200002F5006223F4807313617B6800229A61D5
:102430007B686FF080425A6197F82630002B05D1F7
:102440007B689B6943F010027B689A617B689A699C
:102450000F4B13437A68936197F82A30002B05D00D
:102460007B689B6943F008027B689A6197F82E307D
:10247000012B05D17B689A69064B13437A689361F7
:10248000FB7D18461837BD46BDE8804004B0704754
:1024900000383C800400004080B485B000AF786014
:1024A00039600023FB60FB680133FB60FB68B3F11C
:1024B000706F01D903231BE07B681B69002BF2DAE4
:1024C0000023FB603B689B0143F020027B681A619C
:1024D000FB680133FB60FB68B3F1706F01D9032324
:1024E00006E07B681B6903F02003202BF0D000235B
:1024F00018461437BD465DF8047B704780B485B03C
:1025000000AF78600023FB60FB680133FB60FB6871
:10251000B3F1706F01D9032318E07B681B69002BAE
:10252000F2DA0023FB607B6810221A61FB6801333A
:10253000FB60FB68B3F1706F01D9032306E07B6891
:102540001B6903F01003102BF0D00023184614373A
:10255000BD465DF8047B704780B485B000AF7860FD
:102560000B46FB707B68FB60FB6803F500631A6831
:10257000FB78F96801F5006113430B6000231846EE
:102580001437BD465DF8047B704780B487B000AF58
:1025900078607B683B613B6903F500639B6803F0EF
:1025A0000603FB60FB68002B02D10023FB750AE0E9
:1025B000FB68022B02D0FB68062B02D10223FB75BD
:1025C00001E00F23FB75FB7D18461C37BD465DF807
:1025D000047B704780B485B000AF786039607B6859
:1025E000FB603B681B78BB603B685B78012B39D193
:1025F000FB6803F50063DA693B681B7803F00F039F
:10260000012101FA03F39BB2F96801F5006113435C
:10261000CB61BB685A01FB68134403F510631B6868
:1026200003F40043002B53D1BB685A01FB681344E9
:1026300003F510631A683B689B68C3F30A013B68A3
:102640001B799B041943BB689B050B431A43BB686A
:102650005901FB680B4403F510631946204B1343E3
:102660000B6035E0FB6803F50063DA693B681B78B3
:1026700003F00F03012101FA03F31B04F96801F5CC
:1026800000611343CB61BB685A01FB68134403F537
:1026900030631B6803F40043002B19D1BB685A0157
:1026A000FB68134403F530631A683B689B68C3F307
:1026B0000A013B681B799B040B431A43BB68590111
:1026C000FB680B4403F530631946054B13430B605D
:1026D000002318461437BD465DF8047B704700BFE1
:1026E0000080001080B485B000AF786039607B68EE
:1026F000FB603B681B78BB603B685B78012B61D15A
:10270000BB685A01FB68134403F510631B6803F0B0
:102710000043B3F1004F1FD1BB685A01FB6813445B
:1027200003F510631B68BA685101FA680A4402F5A0
:10273000106243F000631360BB685A01FB681344E6
:1027400003F510631B68BA685101FA680A4402F580
:10275000106243F080431360FB6803F50063DA6B9B
:102760003B681B7803F00F03012101FA03F39BB2CE
:10277000DB43F96801F500611340CB63FB6803F5A7
:102780000063DA693B681B7803F00F03012101FA4B
:1027900003F39BB2DB43F96801F500611340CB61A1
:1027A000BB685A01FB68134403F510631A68BB68E1
:1027B0005901FB680B4403F510631946354B134070
:1027C0000B6060E0BB685A01FB68134403F530639B
:1027D0001B6803F00043B3F1004F1FD1BB685A01DF
:1027E000FB68134403F530631B68BA685101FA684B
:1027F0000A4402F5306243F000631360BB685A017B
:10280000FB68134403F530631B68BA685101FA682A
:102810000A4402F5306243F080431360FB6803F51D
:102820000063DA6B3B681B7803F00F03012101FAA8
:1028300003F31B04DB43F96801F500611340CB632C
:10284000FB6803F50063DA693B681B7803F00F034C
:10285000012101FA03F31B04DB43F96801F5006170
:102860001340CB61BB685A01FB68134403F5306326
:102870001A68BB685901FB680B4403F530631946BD
:10288000054B13400B60002318461437BD465DF816
:10289000047B7047007833EC0078F3EF80B58AB0A2
:1028A00002AFF860B9601346FB71FB68FB61BB685F
:1028B0001B78BB61BB685B78012B40F08581BB68EE
:1028C0001B69002B32D1BB695A01FB69134403F524
:1028D00010631A69BB695901FB690B4403F5106366
:1028E0001946A74B13400B61BB695A01FB6913449E
:1028F00003F510631B69BA695101FA690A4402F5CC
:10290000106243F400231361BB695A01FB6913444D
:1029100003F510631A69BB695901FB690B4403F5A0
:1029200010631946974B13400B6197E0BB695A013E
:10293000FB69134403F510631A69BB695901FB690C
:102940000B4403F5106319468E4B13400B61BB69B2
:102950005A01FB69134403F510631A69BB695901F5
:10296000FB690B4403F510631946854B13400B615B
:10297000BB69002B1AD1BB681A69BB689B689A4275
:1029800003D9BB689A68BB681A61BB695A01FB69C5
:10299000134403F510631B69BA695101FA690A44CB
:1029A00002F5106243F40023136144E0BB681A6926
:1029B000BB689B6813445A1EBB689B68B2FBF3F369
:1029C000FB82BB695A01FB69134403F510631A6962
:1029D000FB8AD9046C4B0B40B9694801F969014481
:1029E00001F5106113430B61BB681B79012B22D1E8
:1029F000BB695A01FB69134403F510631B69BA698B
:102A00005101FA690A4402F5106223F0C0431361D0
:102A1000BB695A01FB69134403F510631A69FB8A09
:102A20005B0703F0C043B9694801F969014401F546
:102A3000106113430B61BB695A01FB69134403F531
:102A400010631A69BB681B69C3F31203B9694801B3
:102A5000F969014401F5106113430B61FB79012B06
:102A60004BD1BB68DB69002B09D0BB695A01FB69FC
:102A7000134403F510631A46BB68DB695361BB68F6
:102A80001B79012B28D1FB6903F500639B6803F4D4
:102A90008073002B10D1BB695A01FB69134403F505
:102AA00010631B68BA695101FA690A4402F51062A1
:102AB00043F0005313600FE0BB695A01FB691344F4
:102AC00003F510631B68BA695101FA690A4402F5FB
:102AD000106243F080531360BB695A01FB691344D1
:102AE00003F510631B68BA695101FA690A4402F5DB
:102AF000106243F00443136069E1BB695A01FB694A
:102B0000134403F510631B68BA695101FA690A445A
:102B100002F5106243F004431360BB681B79012B7C
:102B200015D0BB681B69002B00F05181FB6903F5D0
:102B300000635A6BBB681B7803F00F03012101FA95
:102B400003F3F96901F5006113434B633FE1FB694E
:102B500003F500639B6803F48073002B16D1BB69F7
:102B60005A01FB69134403F510631B68BA695101EC
:102B7000FA690A4402F5106243F00053136015E04D
:102B8000FFFF07E00000F8FF0000F81FBB695A01D3
:102B9000FB69134403F510631B68BA695101FA69B4
:102BA0000A4402F5106243F080531360BB68D96891
:102BB000BB681A78BB681B6998B2FB79009303461F
:102BC000F86800F0E0FA02E1BB695A01FB691344BE
:102BD00003F530631A69BB695901FB690B4403F5BE
:102BE000306319467C4B13400B61BB695A01FB698A
:102BF000134403F530631A69BB695901FB690B443F
:102C000003F530631946754B13400B61BB69002B0C
:102C10002FD1BB681B69002B03D0BB689A68BB68C7
:102C20001A61BB689A68BB681A62BB695A01FB6982
:102C3000134403F530631A69BB681B6AC3F31203BC
:102C4000B9694801F969014401F5306113430B6129
:102C5000BB695A01FB69134403F530631B69BA6908
:102C60005101FA690A4402F5306243F4002313610A
:102C70005FE0BB681B69002B23D1BB695A01FB696C
:102C8000134403F530631A69BB689B68C3F31203EE
:102C9000B9694801F969014401F5306113430B61D9
:102CA000BB695A01FB69134403F530631B69BA69B8
:102CB0005101FA690A4402F5306243F400231361BA
:102CC00037E0BB681A69BB689B6813445A1EBB682F
:102CD0009B68B2FBF3F3FB82BB689B68FA8A03FB39
:102CE00002F2BB681A62BB695A01FB69134403F51F
:102CF00030631A69FB8AD904394B0B40B969480122
:102D0000F969014401F5306113430B61BB695A0154
:102D1000FB69134403F530631A69BB681B6AC3F38C
:102D20001203B9694801F969014401F5306113439F
:102D30000B61FB79012B0DD1BB68DB68002B09D03F
:102D4000BB68D968BB695A01FB69134403F530635A
:102D50000A465A61BB681B79012B28D1FB6903F530
:102D600000639B6803F48073002B10D1BB695A0188
:102D7000FB69134403F530631B68BA695101FA69B2
:102D80000A4402F5306243F0005313600FE0BB6960
:102D90005A01FB69134403F530631B68BA6951019A
:102DA000FA690A4402F5306243F080531360BB694C
:102DB0005A01FB69134403F530631B68BA6951017A
:102DC000FA690A4402F5306243F0044313600023B9
:102DD00018462037BD4680BD0000F8FFFFFF07E022
:102DE0000000F81F80B489B000AF7860396000231C
:102DF0003B610023FB777B68BB617B689B685B0959
:102E000003F001037B613B685B78012B49D13B6890
:102E10001B785A01BB69134403F510631B6803F068
:102E20000043B3F1004F40F0D3803B681B785A0158
:102E3000BB69134403F510631B683A6812785101AB
:102E4000BA690A4402F5106243F0006313603B68FC
:102E50001B785A01BB69134403F510631B683A6879
:102E600012785101BA690A4402F5106243F08043B6
:102E700013603B6901333B613B69B3F5702F02D9A5
:102E80000123FB77A4E03B681B785A01BB6913441C
:102E900003F510631B6803F00043B3F1004FE8D063
:102EA00096E07B689B6923F080027B689A617B686F
:102EB0005B6903F08003002B09D1BB6903F5006354
:102EC0005B68BA6902F5006243F4007353607B6982
:102ED000002B13D13B6901333B613B69B3F5702F84
:102EE00002D90123FB7705E07B685B6903F01003DF
:102EF000102BEFD17B681B6AFB60FB6800233B61F2
:102F00003B6901333B613B69B3F5702F02D9012363
:102F1000FB7705E07B685B6903F08003802BEFD1D2
:102F20003B681B785A01BB69134403F530631B6887
:102F30003A6812785101BA690A4402F5306243F0E6
:102F4000006313603B681B785A01BB69134403F5A7
:102F500030631B683A6812785101BA690A4402F575
:102F6000306243F08043136000233B613B690133CF
:102F70003B613B69B3F5702F02D90123FB770BE06E
:102F80003B681B785A01BB69134403F530639B68A7
:102F900003F00203022BE9D13B681B785A01BB699D
:102FA000134403F530639B683A6812785101BA699B
:102FB0000A4402F5306243F002039360BB6903F5F3
:102FC00000635B68BA6902F5006243F48063536092
:102FD000FB7F18462437BD465DF8047B704780B4FC
:102FE00085B000AF786039607B68FB603B681B7818
:102FF000BB603B685B78012B2CD1BB685A01FB6836
:10300000134403F510631B68002B12DBBB68002B15
:103010000FD0BB685A01FB68134403F510631B68AB
:10302000BA685101FA680A4402F5106223F080433D
:103030001360BB685A01FB68134403F510631B68F7
:10304000BA685101FA680A4402F5106243F40013A9
:1030500013602BE0BB685A01FB68134403F530632F
:103060001B68002B12DBBB68002B0FD0BB685A011A
:10307000FB68134403F530631B68BA685101FA68B2
:103080000A4402F5306223F080431360BB685A01A2
:10309000FB68134403F530631B68BA685101FA6892
:1030A0000A4402F5306243F400131360002318460B
:1030B0001437BD465DF8047B704780B485B000AF1F
:1030C000786039607B68FB603B681B78BB603B685D
:1030D0005B78012B28D1BB685A01FB68134403F5C8
:1030E00010631B68BA685101FA680A4402F510625D
:1030F00023F4001313603B681B79032B03D03B6858
:103100001B79022B38D1BB685A01FB68134403F5C5
:1031100010631B68BA685101FA680A4402F510622C
:1031200043F08053136027E0BB685A01FB681344E7
:1031300003F530631B68BA685101FA680A4402F566
:10314000306223F4001313603B681B79032B03D018
:103150003B681B79022B0FD1BB685A01FB681344F3
:1031600003F530631B68BA685101FA680A4402F536
:10317000306243F080531360002318461437BD4675
:103180005DF8047B704780B489B000AFF860B96027
:1031900011461A460B46FB711346BB80FB687B61E8
:1031A000BB68FB6197F82830002B23D1BB88033321
:1031B0009B083B610023BB6118E0FB791A037B6924
:1031C000134403F580531A46FB691B681360FB69BF
:1031D0000133FB61FB690133FB61FB690133FB6177
:1031E000FB690133FB61BB690133BB61BA693B69B0
:1031F0009A42E2D3002318462437BD465DF8047B8B
:10320000704780B48BB000AFF860B9601346FB80A4
:10321000FB68BB61BB687B62FB889B089BB27B61E0
:10322000FB8803F00303FB8300233B6214E0BB69CC
:1032300003F580531A687B6A1A607B6A01337B62EC
:103240007B6A01337B627B6A01337B627B6A013379
:103250007B623B6A01333B623A6A7B699A42E6D3FE
:10326000FB8B002B1ED000233B62BB6903F5805310
:103270001A4607F1100312681A603A693B6ADBB21A
:10328000DB0022FA03F3DAB27B6A1A703B6A01337D
:103290003B627B6A01337B62FB8B013BFB83FB8BD5
:1032A000002BEAD17B6A18462C37BD465DF8047BBB
:1032B000704780B485B000AF78600B46FB707B68C8
:1032C000FB60FB6803F500631B68FA6802F50062A7
:1032D00023F4FE631360FB6803F500631A68FB7850
:1032E0001B0103F4FE63F96801F5006113430B60F1
:1032F000002318461437BD465DF8047B704780B440
:1033000085B000AF78607B68FB60FB6803F56063A5
:103310001B68FA6802F5606223F003031360FB6820
:1033200003F500635B68FA6802F5006223F00203AC
:103330005360002318461437BD465DF8047B704780
:1033400080B485B000AF78607B68FB60FB6803F5F4
:1033500060631B68FA6802F5606223F00303136080
:10336000FB6803F500635B68FA6802F5006243F0EE
:1033700002035360002318461437BD465DF8047BF2
:10338000704780B485B000AF78607B685B69FB6094
:103390007B689B69FA681340FB60FB68184614372A
:1033A000BD465DF8047B704780B485B000AF78609F
:1033B0007B68FB60FB6803F500639B69BB60FB688F
:1033C00003F50063DB69BA681340BB60BB681B0C84
:1033D00018461437BD465DF8047B704780B485B04D
:1033E00000AF78607B68FB60FB6803F500639B6956
:1033F000BB60FB6803F50063DB69BA681340BB6020
:10340000BB689BB218461437BD465DF8047B704715
:1034100080B485B000AF78600B46FB707B68FB60C2
:10342000FB785A01FB68134403F530639B68BB606B
:10343000FB6803F500635B69BA681340BB60BB6857
:1034400018461437BD465DF8047B704780B487B0DA
:1034500000AF78600B46FB707B687B617B6903F58E
:1034600000631B693B617B6903F500635B6BFB6079
:10347000FB7803F00F03FA6822FA03F3DB01DBB2F7
:103480003A6913433B61FB785A017B69134403F5A6
:1034900010639B683A691340BB60BB6818461C37D1
:1034A000BD465DF8047B704780B483B000AF7860A0
:1034B0007B685B6903F0010318460C37BD465DF875
:1034C000047B704780B485B000AF78607B68FB6098
:1034D000FB6803F510631A68FB6803F5106319466F
:1034E000094B13400B60FB6803F500635B68FA68E7
:1034F00002F5006243F480735360002318461437CA
:10350000BD465DF8047B704700F8FFFF80B487B0CC
:1035100000AFF8600B467A60FB72FB687B61FB686A
:103520003C3304331B683B613B69264A93420AD90A
:103530007B6903F530631B6803F00043B3F1004F70
:1035400001D1002337E07B6903F530631A4600237D
:1035500013617B6903F530631B697A6902F5306298
:1035600043F4002313617B6903F530631B697A69B7
:1035700002F5306243F0180313617B6903F5306391
:103580001B697A6902F5306243F0C0431361FB7A2C
:10359000012B0FD17B6903F530631A467B685361B9
:1035A0007B6903F530631B687A6902F5306243F08A
:1035B00080231360002318461C37BD465DF8047B4A
:1035C000704700BF0A30544F80B485B000AF7860B8
:1035D0000023FB60FB680133FB60FB68B3F1706F95
:1035E00001D9032322E07B681B69002BF2DA0A234E
:1035F000FB6002E0FB68013BFB60FB68002BF9D13C
:103600007B681B6943F001027B681A61FB68013328
:10361000FB60FB68B3F1706F01D9032306E07B68A0
:103620001B6903F00103012BF0D000231846143767
:10363000BD465DF8047B704780B584B000AF78600C
:103640000B46FB704FF4077002F07AFCF860FB68E1
:10365000002B09D17B68D3F8D4227B68B0320021DB
:1036600043F822100223D4E04FF407720021F868D7
:1036700002F0AAFC7B68D3F8D4227B68B032F968E8
:1036800043F822107B68D3F8D4227B68B03253F819
:1036900022207B68C3F8BC227B681B7C002B38D1BE
:1036A0005E4B19784FF400730222786802F025FB14
:1036B0005A4B1B7803F00F02796813469B001344A2
:1036C0009B000B44233301221A70554B19784FF499
:1036D00000730222786802F010FB514B1B7803F054
:1036E0000F02796813469B0013449B000B4403F2BE
:1036F000631301221A704B4B1B7803F00F02796899
:1037000013469B0013449B000B441C3310221A6089
:1037100035E0424B197840230222786802F0EDFA36
:103720003E4B1B7803F00F02796813469B0013444D
:103730009B000B44233301221A70394B1978402324
:103740000222786802F0D9FA354B1B7803F00F0299
:10375000796813469B0013449B000B4403F26313E8
:1037600001221A702F4B1B7803F00F027968134661
:103770009B0013449B000B441C3310221A60294BFE
:10378000197808230322786802F0B7FA254B1B78D2
:1037900003F00F02796813469B0013449B000B440F
:1037A000233301221A70FB680022C3F804227B68CD
:1037B000D3F8D4327A68B0339B0013445B681B683B
:1037C0009847FB680022C3F81422FB680022C3F864
:1037D0001822FB68D3F80432002B01D1022318E031
:1037E0007B681B7C002B0AD10D4B1978FB68D3F842
:1037F00004224FF40073786802F06EFB08E0084B77
:103800001978FB68D3F804224023786802F064FB3F
:10381000002318461037BD4680BD00BF7B02002440
:103820007C0200247D02002480B582B000AF786065
:103830000B46FB703A4B1B781946786802F083FA06
:10384000374B1B7803F00F02796813469B00134433
:103850009B000B44233300221A70324B1B7819460D
:10386000786802F070FA2F4B1B7803F00F0279682A
:1038700013469B0013449B000B4403F26313002286
:103880001A70294B1B781946786802F05CFA264BAF
:103890001B7803F00F02796813469B0013449B00CA
:1038A0000B44233300221A701F4B1B7803F00F02C6
:1038B000796813469B0013449B000B441C33002281
:1038C0001A607B68D3F8D4227B68B03253F8223078
:1038D000002B1FD07B68D3F8D4327A68B0339B00BA
:1038E00013445B685B6898477B68D3F8D4227B6895
:1038F000B03253F82230184602F030FB7B68D3F820
:10390000D4227B68B032002143F822107B68002269
:10391000C3F8BC22002318460837BD4680BD00BF4F
:103920007B0200247C0200247D02002480B586B046
:1039300000AF786039607B68D3F8D4227B68B032FE
:1039400053F822303B6100237B7300237B810023EB
:10395000FB753B69002B01D10323BFE03B681B785B
:1039600003F06003002B50D0202B40F0AF803B6869
:10397000DB88002B3AD03B681B785BB2002B1BDA4C
:103980007B68D3F8D4327A68B0339B0013445B6809
:103990009B683A68507839693A68D28898473B689A
:1039A000DB88072B28BF0723FB813B69FA8919466F
:1039B000786801F093FD90E03B685A783B6983F8A2
:1039C00000223B68DB883F2B03D83B68DB88DAB2F8
:1039D00000E040223B6983F8012239693B6993F892
:1039E00001321A46786801F0A8FD76E07B68D3F8CA
:1039F000D4327A68B0339B0013445B689B683A68A2
:103A0000507800223968984767E03B685B780B2B59
:103A100051D801A252F823F0493A0108C53A0108E9
:103A2000B73A0108B73A0108B73A0108B73A0108AE
:103A3000B73A0108B73A0108B73A0108B73A01089E
:103A4000733A01089D3A01087B6893F89C32DBB217
:103A5000032B07D107F10A0302221946786801F007
:103A60003DFD32E03968786801F0BBFC0323FB754B
:103A70002BE07B6893F89C32DBB2032B07D107F174
:103A80000D0301221946786801F028FD1DE0396810
:103A9000786801F0A6FC0323FB7516E07B6893F8B9
:103AA0009C32DBB2032B0FD03968786801F099FCA7
:103AB0000323FB7508E03968786801F092FC032362
:103AC000FB7502E000BF08E000BF06E039687868D7
:103AD00001F087FC0323FB7500BFFB7D18461837F8
:103AE000BD4680BD80B584B000AF78600B46FB70EA
:103AF0007B68D3F8C832FB607B68D3F8D4227B683C
:103B0000B03253F82230002B01D1032365E07B68EB
:103B1000D3F8D4227B68B03253F82230BB60FB78F4
:103B200003F00F02796813469B0013449B000B447B
:103B300014331B68002B2FD0FB7803F00F02796839
:103B400013469B0013449B000B4414331A68FB7804
:103B500003F00F01F8680B46DB000B449B000344A5
:103B60001C331B68B2FBF3F101FB03F3D31A002BE8
:103B700012D1FB7803F00F02796813469B001344BF
:103B80009B000B44143300221A60F97800230022B2
:103B9000786802F080F91FE0BB680022C3F81422A5
:103BA0007B68D3F8D4327A68B0339B0013445B68E7
:103BB0001B69002B10D07B68D3F8D4327A68B033FD
:103BC0009B0013445B681B69BA68D2F80802BA68A4
:103BD00002F50471FA789847002318461037BD465D
:103BE00080BD80B584B000AF78600B46FB707B6809
:103BF000D3F8D4227B68B03253F82230FB607B6864
:103C0000D3F8D4227B68B03253F82230002B01D194
:103C100003231AE0FB781946786802F07EF9024621
:103C2000FB68C3F80C227B68D3F8D4327A68B033CF
:103C30009B0013445B68DB68FA68D2F80402FA68F8
:103C400002F5037211469847002318461037BD4607
:103C500080BD80B584B000AF78607B68D3F8D42293
:103C60007B68B03253F82230FB60FB68002B01D137
:103C7000032324E07B68D3F8D4327A68B0339B0006
:103C800013445B68002B19D0FB6893F80032FF2BBC
:103C900014D07B68D3F8D4327A68B0339B001344D5
:103CA0005B689B68FA6892F80002F968FA6892F813
:103CB00001229847FB68FF2283F800220023184660
:103CC0001037BD4680BD000080B586B000AF78607B
:103CD0008221184800F022FD78610121154800F08A
:103CE0001DFD38618121134800F018FDF8607B69E3
:103CF000002B02D07B6910229A713B69002B06D001
:103D00003B69002242F040021A7100225A71FB689E
:103D1000002B06D0FB68002242F040021A710022FC
:103D20005A717B6843221A80024B18461837BD46E9
:103D300080BD00BF3802002480B586B000AF786037
:103D40008221184800F0EAFC78610121154800F052
:103D5000E5FC38618121134800F0E0FCF8607B69E4
:103D6000002B02D07B6910229A713B69002B06D090
:103D70003B6900221A71002242F002025A71FB686C
:103D8000002B06D0FB6800221A71002242F00202CA
:103D90005A717B6843221A80024B18461837BD4679
:103DA00080BD00BF3802002480B586B000AF7860C7
:103DB0008221184800F0B2FC78610121154800F01A
:103DC000ADFC38618121134800F0A8FCF8607B69E4
:103DD000002B02D07B6910229A713B69002B06D020
:103DE0003B69002242F040021A7100225A71FB68BE
:103DF000002B06D0FB68002242F040021A7100221C
:103E00005A717B6843221A80024B18461837BD4608
:103E100080BD00BF3802002480B483B000AF78605A
:103E20007B680A221A80034B18460C37BD465DF8A2
:103E3000047B7047F401002480B483B000AF786045
:103E400039603B68002B01D1032309E07B68D3F87C
:103E5000D4327A68B0339B0013443A685A60002326
:103E600018460C37BD465DF8047B704780B487B0B8
:103E700000AFF860B9607A60FB68D3F8D422FB68C1
:103E8000B03253F822307B617B69002B01D10323D0
:103E900008E07B69BA68C3F808227B697A68C3F8CE
:103EA0001022002318461C37BD465DF8047B70477E
:103EB00080B485B000AF786039607B68D3F8D422D5
:103EC0007B68B03253F82230FB60FB68002B01D1D5
:103ED000032304E0FB683A68C3F804220023184671
:103EE0001437BD465DF8047B7047000080B584B090
:103EF00000AF78607B68D3F8D4227B68B03253F887
:103F00002230FB607B68D3F8D4227B68B03253F850
:103F10002230002B01D1032318E07B681B7C002B8F
:103F20000AD10C4B1978FB68D3F804224FF40073C4
:103F3000786801F0D1FF08E0064B1978FB68D3F8E8
:103F400004224023786801F0C7FF00231846103789
:103F5000BD4680BD7C02002480B586B000AFF8600D
:103F6000B9601346FB71FB68002B01D103231FE0EE
:103F7000FB680022C3F8B822FB680022C3F8C42201
:103F8000FB680022C3F8D022BB68002B03D0FB687B
:103F9000BA68C3F8B422FB68012283F89C22FB684C
:103FA000FA791A70F86801F03BFE0346FB75FB7D59
:103FB00018461837BD4680BD80B584B000AF786024
:103FC00039600023FB813B68002B01D1032325E0EE
:103FD0007B683A68C3F8B8227B68D3F8D4227B6840
:103FE000AE3253F82230DB6A002B0FD07B68D3F857
:103FF000D4227B68AE3253F82230DB6A07F10E021E
:104000001046984702467B68C3F8D0227B68D3F8F5
:10401000D8325A1C7B68C3F8D822002318461037C0
:10402000BD4680BD80B582B000AF7860786801F091
:1040300049FE034618460837BD4680BD80B483B0AC
:1040400000AF7860002318460C37BD465DF8047B4E
:10405000704780B584B000AF78600B46FB700023DA
:10406000FB737B68D3F8B832002B09D07B68D3F898
:10407000B8321B68FA781146786898470346FB7394
:10408000FB7B18461037BD4680BD80B584B000AFBD
:1040900078600B46FB700023FB737B68D3F8B83263
:1040A0005B68FA781146786898470346002B01D080
:1040B0000323FB73FB7B18461037BD4680BD80B5DC
:1040C00084B000AF786039607B6803F2AA23396856
:1040D000184601F04CF97B680122C3F894227B68F2
:1040E000B3F8B0321A467B68C3F898227B6893F81D
:1040F000AA3203F01F03022B1AD0022B22D8002B66
:1041000002D0012B0AD01DE07B6803F2AA231946D6
:10411000786800F077FB0346FB7320E07B6803F2CE
:10412000AA231946786800F0DFFB0346FB7316E00C
:104130007B6803F2AA231946786800F041FC034625
:10414000FB730CE07B6893F8AA3223F07F03DBB2A9
:104150001946786801F016FE0346FB7300BFFB7B2F
:1041600018461037BD4680BD80B586B000AFF860F8
:104170000B467A60FB720023FB75FB7A002B77D12C
:10418000FB6803F5AA733B61FB68D3F89432032BF9
:1041900040F0A1803B695B683A69928993421CD9DF
:1041A0003B695B683A6992899A1A3B695A603B6934
:1041B0001B693A6992891A443B691A613B6919691A
:1041C0003B699B891A463B695B68934238BF13463B
:1041D0001A46F86801F0D2F97DE0FB6893F8AA323C
:1041E00003F01F03022B14D0022B1DD8002B02D08A
:1041F000012B03D018E00023BB7518E0FB68B3F86F
:10420000AE32DBB21946F86800F06EFA0346BB75B1
:104210000DE0FB68B3F8AE32DBB21946F86800F087
:1042200070FA0346BB7502E00023BB7500BFBB7D7F
:10423000002B19D1FB6893F89C32DBB2032B13D10E
:10424000BA7DFB68AE3253F822301B69002B0BD0CD
:10425000BA7DFB68C3F8D422BA7DFB68AE3253F84E
:1042600022301B69F8689847F86801F098F932E045
:10427000FB7A03F07F03DBB21946F86800F041FADD
:104280000346BB75BB7DFF2B25D0BB7D002B22D108
:10429000FB6893F89C32DBB2032B17D1BA7DFB6825
:1042A000AE3253F822309B69002B0FD0BA7DFB68E9
:1042B000C3F8D422BA7DFB68AE3253F822309B6932
:1042C000FA7A1146F86898470346FB75FB7D002B88
:1042D00001D0FB7D00E0002318461837BD4680BDA5
:1042E00080B586B000AFF8600B467A60FB72FB7A4F
:1042F000002B78D1FB6814333B61FB68D3F8943210
:10430000022B63D13B695B683A69928993421CD95D
:104310003B695B683A6992899A1A3B695A603B69C2
:104320001B693A6992891A443B691A613B691969A8
:104330003B695B681A46F86801F0EEF8002300223A
:104340000021F86801F0C8FD40E03B699B891A46EE
:104350003B695B689A421CD13B691B683A69928948
:10436000934216D33B691A68FB68D3F898329A4295
:104370000FD200220021F86801F0CEF8FB6800227D
:10438000C3F89822002300220021F86801F0A4FD60
:104390001CE0FB6893F89C32DBB2032B0FD1FB6867
:1043A000D3F8B832DB68002B09D0FB680022C3F8D1
:1043B000D422FB68D3F8B832DB68F86898478021CC
:1043C000F86801F0DFFCF86801F0FCF8FB6893F88E
:1043D000A032002B3AD0F868FFF730FEFB680022CD
:1043E00083F8A02232E0FB7A63F07F03DBB2194648
:1043F000F86800F086F90346FB75FB7DFF2B25D09E
:10440000FB7D002B22D1FB6893F89C32DBB2032B9F
:104410001CD1FA7DFB68AE3253F822305B69002B69
:1044200014D0FA7DFB68C3F8D422FA7DFB68AE3263
:1044300053F822305B69FA7A1146F86898470346C8
:10444000BB75BB7D002B01D0BB7D00E0002318466F
:104450001837BD4680BD80B584B000AF78600023BA
:10446000FB737B68012283F89C227B680022C3F8DF
:1044700094227B6800225A607B680022C3F8A42241
:104480007B68002283F8A0227B68D3F8B832002B27
:1044900014D07B68D3F8B8325B68002B0ED07B68F1
:1044A000D3F8B8325B687A685268D2B2114678683D
:1044B00098470346002B01D00323FB7340230022BF
:1044C0000021786801F019FC7B68012283F86321E0
:1044D0007B684022A3F86021402300228021786875
:1044E00001F00BFC7B68012283F823207B684022CB
:1044F0001A84FB7B18461037BD4680BD80B483B05C
:1045000000AF78600B46FB707B68FA781A74002362
:1045100018460C37BD465DF8047B704780B483B005
:1045200000AF78607B6893F89C32DBB2042B06D036
:104530007B6893F89C32DAB27B6883F89D227B68B3
:10454000042283F89C22002318460C37BD465DF8F0
:10455000047B704780B483B000AF78607B6893F8C9
:104560009C32DBB2042B06D17B6893F89D32DAB221
:104570007B6883F89C22002318460C37BD465DF803
:10458000047B704780B582B000AF78607B6893F899
:104590009C32DBB2032B10D17B68D3F8B832002BEE
:1045A0000BD07B68D3F8B832DB69002B05D07B6871
:1045B000D3F8B832DB697868984700231846083783
:1045C000BD4680BD80B582B000AF78600B46FB7001
:1045D0007B68D3F8D4227B68AE3253F82230002BAC
:1045E00001D103231CE07B6893F89C32DBB2032BE0
:1045F00015D17B68D3F8D4227B68AE3253F82230D1
:104600001B6A002B0BD07B68D3F8D4227B68AE32B8
:1046100053F822301B6AFA781146786898470023CD
:1046200018460837BD4680BD80B582B000AF7860BF
:104630000B46FB707B68D3F8D4227B68AE3253F80C
:104640002230002B01D103231CE07B6893F89C32BD
:10465000DBB2032B15D17B68D3F8D4227B68AE3252
:1046600053F822305B6A002B0BD07B68D3F8D4223E
:104670007B68AE3253F822305B6AFA78114678686C
:104680009847002318460837BD4680BD80B483B0E4
:1046900000AF7860002318460C37BD465DF8047BF8
:1046A000704780B584B000AF78600023FB737B68EF
:1046B000012283F89C227B68D3F8B832002B0ED0FD
:1046C0007B68D3F8B8325B687A685268D2B2114618
:1046D000786898470346002B01D00323FB73FB7BCC
:1046E00018461037BD4680BD80B483B000AF7860F7
:1046F0000B46FB70002318460C37BD465DF8047B63
:10470000704780B483B000AF78600B46FB70002325
:1047100018460C37BD465DF8047B704780B586B0FF
:1047200000AF78600B46FB707B687B617B68FB6049
:1047300000233B61FB685B889BB2FA681278934266
:104740001FD9FB681B787B8113E007F10A03194628
:10475000786900F01BF878617B695B78052B08D1DC
:104760007B693B613B699B78FA789A4208D00023C9
:104770003B61FB685B889AB27B899A42E5D800E08E
:1047800000BF3B6918461837BD4680BD80B485B070
:1047900000AF786039607B68FB603B681B88FA6813
:1047A000127813449AB23B681A80FB681B781A4649
:1047B0007B681344FB60FB6818461437BD465DF800
:1047C000047B704780B487B000AF78607B687B6102
:1047D0007B691B787B827B6901337B617B691B78FA
:1047E0003B82B7F910301B021AB2B7F912301343EB
:1047F0001BB2FB81FB8918461C37BD465DF8047B64
:104800007047000080B584B000AF78603960002345
:10481000FB733B681B7803F06003402B05D0402BF3
:1048200057D8002B0FD0202B53D17B68D3F8D4223C
:104830007B68AE3253F822309B68396878689847B5
:104840000346FB734AE03B685B78092B3BD801A227
:1048500052F823F0A9480108BD480108C7480108DB
:10486000B3480108C7480108874801087D48010886
:10487000C74801089F4801089148010839687868CD
:1048800000F03EFA24E03968786800F0CDFB1FE0C4
:104890003968786800F00CFC0346FB7318E039684F
:1048A000786800F0AFFC13E03968786800F0E0FC4D
:1048B0000EE03968786800F00FFD09E03968786823
:1048C00000F033FD04E03968786800F08AFD00BF2D
:1048D00004E03968786800F084FD00BFFB7B18466F
:1048E0001037BD4680BD00BF80B584B000AF786092
:1048F00039600023FB733B681B7803F06003402B97
:1049000005D0402B52D8002B01D0202B4ED17B68F4
:1049100093F89C32DBB2013B022B40D83B689B886A
:10492000DBB2012B36D83B689B88DBB2194678682E
:10493000FFF7DAFE0346BB73BB7BFF2B1DD0BB7BAF
:10494000002B1AD1BA7B7B68AE3253F822309B68B9
:10495000002B0FD0BA7B7B68C3F8D422BA7B7B686C
:10496000AE3253F822309B6839687868984703461E
:10497000FB7304E00323FB7301E00323FB733B6839
:10498000DB88002B10D1FB7B002B0DD1786800F069
:1049900006FE09E03968786800F023FD04E0396814
:1049A000786800F01EFD00E000BF04E03968786818
:1049B00000F017FD00BFFB7B18461037BD4680BDD9
:1049C00080B584B000AF786039600023FB733B682A
:1049D0009B88BB733B681B7803F06003402B07D0B8
:1049E000402B00F28181002B2AD0202B40F07C81CB
:1049F000BB7B19467868FFF784FE03467B737B7B9D
:104A0000FF2B00F076817B7B002B40F072817A7B5C
:104A10007B68C3F8D4227A7B7B68AE3253F82230AD
:104A20009B68002B00F065817A7B7B68AE3253F87F
:104A300022309B683968786898470346FB7358E1D1
:104A40003B685B78032B08D0032B00F34781002BD6
:104A500000F09B80012B3CD040E17B6893F89C32B6
:104A6000DBB2022B02D0032B16D02CE0BB7B002B39
:104A70000DD0BB7B802B0AD0BB7B1946786801F038
:104A800081F98021786801F07DF900BF20E0396864
:104A9000786800F0A6FC1BE03B685B88002B0ED119
:104AA000BB7B002B0BD0BB7B802B08D03B68DB880B
:104AB000002B04D1BB7B1946786801F063F9786854
:104AC00000F06DFD04E03968786800F08AFC00BFF2
:104AD00009E17B6893F89C32DBB2022B02D0032BF6
:104AE00016D04BE0BB7B002B0DD0BB7B802B0AD0BC
:104AF000BB7B1946786801F045F98021786801F0A0
:104B000041F900BF40E03968786800F06AFC3BE09A
:104B10003B685B88002B36D1BB7B03F07F03002B07
:104B200004D0BB7B1946786801F04BF9786800F037
:104B300036FDBB7B19467868FFF7E3FD03467B73C0
:104B40007B7BFF2B1FD07B7B002B1CD17A7B7B6870
:104B5000C3F8D4227A7B7B68AE3253F822309B684C
:104B6000002B10D07A7B7B68AE3253F822309B68E2
:104B70003968786898470346FB7304E039687868B9
:104B800000F02FFC00E000BFADE07B6893F89C32A2
:104B9000DBB2022B02D0032B33D099E0BB7B002B7E
:104BA00007D0BB7B802B04D03968786800F019FCF3
:104BB00093E097F90E30002B0BDABB7B03F07F02FA
:104BC00013469B0013449B0010337A68134404334C
:104BD0000BE0BB7B03F07F0213469B0013449B005A
:104BE00003F5A8737A6813440433BB60BB680022E2
:104BF0009A73BB680E3302221946786800F06EFC87
:104C00006BE097F90E30002B11DABB7B03F00F023B
:104C1000796813469B0013449B000B4423331B7895
:104C2000002B17D13968786800F0DBFB55E0BB7BBF
:104C300003F00F02796813469B0013449B000B445A
:104C400003F263131B78002B04D13968786800F0F5
:104C5000C8FB42E097F90E30002B0BDABB7B03F068
:104C60007F0213469B0013449B0010337A68134461
:104C700004330BE0BB7B03F07F0213469B0013441D
:104C80009B0003F5A8737A6813440433BB60BB7BB5
:104C9000002B02D0BB7B802B03D1BB6800229A7310
:104CA0000EE0BB7B1946786801F0AAF80346002B9A
:104CB00003D0BB6801229A7302E0BB6800229A739A
:104CC000BB680E3302221946786800F007FC04E046
:104CD0003968786800F085FB00BF04E039687868BF
:104CE00000F07FFB00BF05E03968786800F079FBD1
:104CF00000E000BFFB7B18461037BD4680BD0000BA
:104D000080B584B000AF7860396000233B81002318
:104D1000FB600023FB723B685B881B0A9BB2013B74
:104D20000E2B00F2528101A252F823F09D4D010892
:104D3000B54D0108F54D0108CB4F0108CB4F0108D7
:104D40006B4F0108974F0108CB4F0108CB4F01086B
:104D5000CB4F0108CB4F0108CB4F0108CB4F0108C7
:104D6000CB4F0108694D01087B68D3F8B432DB6989
:104D7000002B0BD07B68D3F8B432DB697A68127CE5
:104D800007F1080110469847F86026E1396878680D
:104D900000F027FBFB7A0133FB721EE17B68D3F83E
:104DA000B4321B687A68127C07F1080110469847F4
:104DB000F86012E17B681B7C002B0DD17B68D3F877
:104DC000B8329B6A07F1080210469847F860FB6802
:104DD000013302221A7000E17B68D3F8B832DB6A33
:104DE00007F1080210469847F860FB680133022279
:104DF0001A70F2E03B685B88DBB2052B00F2AC80F6
:104E000001A252F823F000BF214E0108554E0108BF
:104E1000894E0108BD4E0108F14E0108254F0108D9
:104E20007B68D3F8B4325B68002B0BD07B68D3F877
:104E3000B4325B687A68127C07F108011046984723
:104E4000F86091E03968786800F0CBFAFB7A0133BA
:104E5000FB7289E07B68D3F8B4329B68002B0BD0DF
:104E60007B68D3F8B4329B687A68127C07F108013A
:104E700010469847F86077E03968786800F0B1FA32
:104E8000FB7A0133FB726FE07B68D3F8B432DB68E6
:104E9000002B0BD07B68D3F8B432DB687A68127CC5
:104EA00007F1080110469847F8605DE039687868B6
:104EB00000F097FAFB7A0133FB7255E07B68D3F878
:104EC000B4321B69002B0BD07B68D3F8B4321B695A
:104ED0007A68127C07F1080110469847F86043E0B1
:104EE0003968786800F07DFAFB7A0133FB723BE0A9
:104EF0007B68D3F8B4325B69002B0BD07B68D3F8A6
:104F0000B4325B697A68127C07F108011046984751
:104F1000F86029E03968786800F063FAFB7A0133B9
:104F2000FB7221E07B68D3F8B4329B69002B0BD075
:104F30007B68D3F8B4329B697A68127C07F1080168
:104F400010469847F8600FE03968786800F049FA31
:104F5000FB7A0133FB7207E03968786800F041FAA8
:104F6000FB7A0133FB7200BF37E07B681B7C002BB0
:104F700009D17B68D3F8B8325B6B07F108021046A1
:104F80009847F86029E03968786800F02AFAFB7AD7
:104F90000133FB7221E07B681B7C002B0DD17B6809
:104FA000D3F8B8321B6B07F1080210469847F86037
:104FB000FB68013307221A700FE03968786800F047
:104FC00010FAFB7A0133FB7207E03968786800F069
:104FD00008FAFB7A0133FB7200BFFB7A002B1ED16B
:104FE0003B68DB88002B16D03B89002B0ED03B683A
:104FF000DA883B89934228BF13469BB23B813B89A9
:105000001A46F968786800F069FA09E03968786842
:1050100000F0E7F904E0786800F0C1FA00E000BFB2
:105020001037BD4680BD00BF80B584B000AF78604A
:1050300039603B689B88002B31D13B68DB88002BB3
:105040002DD13B685B887F2B29D83B685B88DBB21E
:1050500003F07F03FB737B6893F89C32DBB2032B76
:1050600004D13968786800F0BCF91DE07B68FA7BF0
:1050700083F89E22FB7B1946786800F0EDFE786885
:1050800000F08DFAFB7B002B04D07B68022283F8B2
:105090009C2209E07B68012283F89C2204E03968A5
:1050A000786800F09EF900BF00BF1037BD4680BD94
:1050B00080B584B000AF786039600023FB733B6833
:1050C0005B88DAB24E4B1A704D4B1B78012B05D919
:1050D0003968786800F085F903238CE07B6893F8E1
:1050E0009C32DBB2022B02D0032B29D075E0444B5B
:1050F0001B78002B20D0424B1B781A467B685A60E5
:105100003F4B1B7819467868FEF7A3FF0346FB73F5
:10511000FB7B002B08D03968786800F062F97B6867
:10512000022283F89C2265E0786800F038FA7B68F8
:10513000032283F89C225DE0786800F030FA59E0A1
:105140002F4B1B78002B12D17B68022283F89C2204
:105150002B4B1B781A467B685A60294B1B781946E3
:105160007868FEF792FF786800F019FA42E0244B65
:105170001B781A467B685B689A422AD07B685B681A
:10518000DBB219467868FEF780FF1D4B1B781A4684
:105190007B685A601A4B1B7819467868FEF759FFEE
:1051A0000346FB73FB7B002B0FD03968786800F057
:1051B00018F97B685B68DBB219467868FEF765FF13
:1051C0007B68022283F89C2214E0786800F0E7F9FB
:1051D00010E0786800F0E3F90CE03968786800F0D6
:1051E00000F9074B1B7819467868FEF74EFF03233A
:1051F000FB7300BFFB7B18461037BD4680BD00BF68
:10520000900D002480B582B000AF786039603B68B3
:10521000DB88012B04D03968786800F0E2F823E0DD
:105220007B6893F89C32DBB2022B02DC002B03DCA0
:1052300015E0032B0BD012E07B6800229A607B689C
:10524000083301221946786800F048F90CE07B68C1
:10525000043301221946786800F040F904E0396807
:10526000786800F0BEF800BF00BF0837BD4680BDBB
:1052700080B582B000AF786039607B6893F89C326B
:10528000DBB2013B022B1ED83B68DB88022B04D02B
:105290003968786800F0A5F81AE07B680122DA60C6
:1052A0007B68D3F8A432002B05D07B68DB6843F021
:1052B00002027B68DA607B680C3302221946786848
:1052C00000F00CF904E03968786800F08AF800BF53
:1052D00000BF0837BD4680BD80B582B000AF7860A2
:1052E00039603B685B88012B07D17B680122C3F8DA
:1052F000A422786800F053F913E03B685B88022B26
:105300000BD13B689B881B0A9BB2DAB27B6883F89F
:10531000A022786800F043F903E03968786800F06B
:1053200060F800BF0837BD4680BD80B582B000AFD1
:10533000786039607B6893F89C32DBB2013B022BCA
:105340000BD83B685B88012B0CD17B680022C3F82B
:10535000A422786800F023F904E03968786800F046
:1053600040F800E000BF00BF0837BD4680BD80B5F3
:1053700084B000AF786039603B68FB60FB681A78E6
:105380007B681A70FB680133FB60FB681A787B68E6
:105390005A70FB680133FB60F868FFF713FA0346A5
:1053A0001A467B685A80FB680133FB60FB68013357
:1053B000FB60F868FFF706FA03461A467B689A8096
:1053C000FB680133FB60FB680133FB60F868FFF7A3
:1053D000F9F903461A467B68DA8000BF1037BD46EC
:1053E00080BD80B582B000AF786039608021786878
:1053F00000F0C8FC0021786800F0C4FC00BF08374A
:10540000BD4680BD80B586B000AFF860B9607A60F7
:105410000023FB75FB68002B42D0FB683B613869B9
:1054200000F042F8034601335B00B3F5007F08D873
:10543000386900F039F8034601339BB25B009AB239
:1054400001E04FF400727B681A80FB7DBA68134458
:105450007A6812781A70FB7D0133FB75FB7DBA68A0
:10546000134403221A70FB7D0133FB7513E0FB7DAF
:10547000BA6813443A6912781A703B6901333B6188
:10548000FB7D0133FB75FB7DBA68134400221A7063
:10549000FB7D0133FB753B691B78002BE7D100E0F6
:1054A00000BF1837BD4680BD80B485B000AF7860BE
:1054B0000023FB737B68BB6005E0FB7B0133FB7360
:1054C000BB680133BB60BB681B78002BF5D1FB7B4D
:1054D00018461437BD465DF8047B704780B584B02C
:1054E00000AFF860B9607A60FB680222C3F89422CA
:1054F000FB687A685A61FB68BA685A62FB687A6826
:105500009A617B68BA680021F86800F0C4FC002347
:1055100018461037BD4680BD80B584B000AFF86036
:10552000B9607A607B68BA680021F86800F0B3FC63
:10553000002318461037BD4680BD80B584B000AF4B
:10554000F860B9607A60FB680322C3F89422FB68B4
:105550007A68C3F85421FB68BA68C3F86421FB6811
:105560007A68C3F858217B68BA680021F86800F0AF
:10557000B3FC002318461037BD4680BD80B584B00B
:1055800000AFF860B9607A607B68BA680021F8689B
:1055900000F0A2FC002318461037BD4680BD80B540
:1055A00082B000AF78607B680422C3F894220023A5
:1055B00000220021786800F06EFC002318460837AE
:1055C000BD4680BD80B582B000AF78607B680522A3
:1055D000C3F89422002300220021786800F07CFCAC
:1055E000002318460837BD4680BD000080B500AFD7
:1055F000012213491348FEF7AFFC0346002B01D0EC
:10560000EEF7DCFE10490F48FEF7D6FC0346002BF0
:1056100001D0EEF7D3FE0D490A48FEF70DFC034614
:10562000002B01D0EEF7CAFE0648FEF7FBFC03464E
:10563000002B01D0EEF7C2FEF7F7FAFB00BF80BDEA
:1056400094020024940D002400020024800200240F
:1056500080B500AF002205490548FEF707FC054963
:105660000348FEF725FC0023184680BD701800246F
:10567000940D00247010002480B400AF002318465D
:10568000BD465DF8047B704780B483B000AF03462D
:105690003960FB711346BB80FB79232B4AD801A2EA
:1056A00052F823F0355701083557010835570108DE
:1056B0003557010835570108355701083557010896
:1056C0003557010835570108355701083557010886
:1056D0003557010835570108355701083557010876
:1056E0003557010835570108355701083557010866
:1056F0003557010835570108355701083557010856
:105700003557010835570108355701083557010845
:105710003557010835570108355701083557010835
:105720003557010835570108355701083557010825
:105730003557010800BF002318460C37BD465DF8F9
:10574000047B704780B582B000AF786039607968BB
:105750000548FEF7ADFB0448FEF7C8FB00231846DA
:105760000837BD4680BD00BF940D002480B487B0CB
:1057700000AFF860B9601346FB710023FB7597F921
:10578000173018461C37BD465DF8047B7047000093
:1057900080B483B000AF03463960FB713B681222CE
:1057A0001A80034B18460C37BD465DF8047B7047E2
:1057B000B402002480B483B000AF03463960FB71AB
:1057C0003B6804221A80034B18460C37BD465DF82F
:1057D000047B7047C802002480B582B000AF034646
:1057E0003960FB71FB79002B05D13A6807490848FD
:1057F000FFF708FE04E03A6804490548FFF702FE97
:10580000024B18460837BD4680BD00BF70200024FB
:10581000B060010880B582B000AF03463960FB710B
:105820003A6804490448FFF7EDFD024B1846083773
:10583000BD4680BD70200024C860010880B582B0DC
:1058400000AF03463960FB713B681A221A8000F0F2
:1058500043F8024B18460837BD4680BDCC020024F1
:1058600080B582B000AF03463960FB71FB79002B35
:1058700005D13A6807490848FFF7C4FD04E03A68D3
:1058800004490548FFF7BEFD024B18460837BD46E0
:1058900080BD00BF70200024DC60010880B582B0AC
:1058A00000AF03463960FB71FB79002B05D13A68E4
:1058B00007490848FFF7A6FD04E03A68044905488F
:1058C000FFF7A0FD024B18460837BD4680BD00BF5C
:1058D00070200024E860010880B584B000AF0F4B51
:1058E0001B68FB600E4B1B68BB600E4B1B687B602C
:1058F000FA687B681344FB60FB68002B09D0082220
:105900000949F86800F014F804220849B86800F062
:105910000FF800BF1037BD4680BD00BF00E8F11F83
:1059200004E8F11F08E8F11FCE020024DE02002483
:1059300080B487B000AFF860B9601346FB710023F4
:10594000FB750023FB7527E0FB681B0F092B0BD8A9
:10595000FB681B0FDAB2FB7D5B001946BB680B448A
:105960003032D2B21A700AE0FB681B0FDAB2FB7D4C
:105970005B001946BB680B443732D2B21A70FB6821
:105980001B01FB60FB7D5B000133BA6813440022FE
:105990001A70FB7D0133FB75FA7DFB799A42D3D3F4
:1059A00000BF00BF1C37BD465DF8047B7047000098
:1059B00080B5B2B000AF786007F11003B8220021C3
:1059C000184600F001FB7B681B681A4A93422CD1F1
:1059D0004FF480224FF00003C7E904234FF4401333
:1059E000C7F8943007F110031846F8F797F9034603
:1059F000002B01D0EEF7E2FCF7F71AFA0E4BD3F8C2
:105A0000D8300D4A43F00073C2F8D8300A4BD3F8AF
:105A1000D83003F00073FB60FB68002206214D20A4
:105A2000EFF7B3FE4D20EFF7CAFE00BFC837BD4603
:105A300080BD00BF000004400044025880B582B021
:105A400000AF78607B68D3F8E0247B6803F29C4366
:105A500019461046FEF733FB00BF0837BD4680BD30
:105A600080B582B000AF78600B46FB707B68D3F8DE
:105A7000E004FA7879681346DB0013449B000B447A
:105A800003F518731A68FB781946FEF76DFB00BF23
:105A90000837BD4680BD80B582B000AF78600B4648
:105AA000FB707B68D3F8E004FA7879681346DB0072
:105AB00013449B000B4420331A68FB781946FEF709
:105AC0000FFC00BF0837BD4680BD80B582B000AF77
:105AD00078607B68D3F8E0341846FEF753FD00BFCA
:105AE0000837BD4680BD80B584B000AF7860012323
:105AF000FB737B68DB79002B02D10023FB7308E08A
:105B00007B68DB79022B02D10123FB7301E0EEF706
:105B100055FC7B68D3F8E034FA7B11461846FEF753
:105B2000EDFC7B68D3F8E0341846FEF794FC00BF28
:105B30001037BD4680BD000080B582B000AF7860F0
:105B40007B68D3F8E0341846FEF7E8FC7B681B68F6
:105B500003F560631B687A68126802F5606243F0BF
:105B6000010313607B68DB7A002B05D0044B1B69B3
:105B7000034A43F00603136100BF0837BD4680BDEA
:105B800000ED00E080B582B000AF78607B68D3F8AC
:105B9000E0341846FEF7DEFC00BF0837BD4680BD86
:105BA00080B582B000AF78600B46FB707B68D3F89D
:105BB000E034FA7811461846FEF736FD00BF083784
:105BC000BD4680BD80B582B000AF78600B46FB70EB
:105BD0007B68D3F8E034FA7811461846FEF7F2FCF9
:105BE00000BF0837BD4680BD80B582B000AF786089
:105BF0007B68D3F8E0341846FEF748FD00BF08374D
:105C0000BD4680BD80B582B000AF78607B68D3F8B8
:105C1000E0341846FEF745FD00BF0837BD4680BD9D
:105C200080B582B000AF78607B681B78012B40D1D3
:105C3000224A7B68C2F8E0347B68204AC3F8C82255
:105C40001E4B1F4A1A601D4B09221A711B4B022260
:105C5000DA711A4B00229A71184B02225A72174BB2
:105C600000229A72154B0022DA72144B00221A732A
:105C7000124B00229A73114B0022DA730F4B002251
:105C80001A740E48F5F7BFFD0346002B01D0EEF75E
:105C900095FB4FF400710948F7F72FF88022002197
:105CA0000648F6F7E3FF4FF4BA7201210348F6F70E
:105CB000DDFF002318460837BD4680BD7022002452
:105CC0000000044080B584B000AF78600023FB730F
:105CD0000023BB737B68D3F8C8321846F5F79FFEE4
:105CE0000346FB73FB7B184600F042F90346BB7387
:105CF000BB7B18461037BD4680BD80B584B000AF71
:105D00007860084611461A460346FB700B46BB7086
:105D100013463B800023FB730023BB737B68D3F8DF
:105D2000C802BB783A88F978F6F7BAFB0346FB73EA
:105D3000FB7B184600F01CF90346BB73BB7B18467F
:105D40001037BD4680BD80B584B000AF78600B468B
:105D5000FB700023FB730023BB737B68D3F8C8324E
:105D6000FA7811461846F6F705FC0346FB73FB7BF1
:105D7000184600F0FDF80346BB73BB7B184610378E
:105D8000BD4680BD80B584B000AF78600B46FB7027
:105D90000023FB730023BB737B68D3F8C832FA7807
:105DA00011461846F6F7BDFC0346FB73FB7B18460D
:105DB00000F0DEF80346BB73BB7B18461037BD46C8
:105DC00080BD80B584B000AF78600B46FB700023C7
:105DD000FB730023BB737B68D3F8C832FA78114693
:105DE0001846F6F701FD0346FB73FB7B184600F0EF
:105DF000BFF80346BB73BB7B18461037BD4680BD5A
:105E000080B485B000AF78600B46FB707B68D3F838
:105E1000C832FB6097F90330002B0BDAFB7803F0F4
:105E20007F02F9681346DB0013449B000B441633D2
:105E30001B780BE0FB7803F07F02F9681346DB0068
:105E400013449B000B4403F256231B781846143767
:105E5000BD465DF8047B704780B584B000AF7860C4
:105E60000B46FB700023FB730023BB737B68D3F8E6
:105E7000C832FA7811461846F6F7EEFA0346FB7375
:105E8000FB7B184600F074F80346BB73BB7B1846D7
:105E90001037BD4680BD80B586B000AFF8607A602F
:105EA0003B600B46FB720023FB750023BB75FB6850
:105EB000D3F8C802F97A3B687A68F6F7F8FB03462C
:105EC000FB75FB7D184600F053F80346BB75BB7DA0
:105ED00018461837BD4680BD80B586B000AFF86063
:105EE0007A603B600B46FB720023FB750023BB7599
:105EF000FB68D3F8C802F97A3B687A68F6F784FB46
:105F00000346FB75FB7D184600F032F80346BB756F
:105F1000BB7D18461837BD4680BD80B582B000AF46
:105F200078600B46FB707B68D3F8C832FA7811466C
:105F30001846F6F7A4FB034618460837BD4680BD51
:105F400080B483B000AF7860034B18460C37BD4671
:105F50005DF8047B704700BF5427002480B483B0F1
:105F600000AF786000BF0C37BD465DF8047B70471A
:105F700080B485B000AF0346FB710023FB73FB794F
:105F8000032B17D801A252F823F000BF9D5F010830
:105F9000A35F0108A95F0108AF5F01080023FB733D
:105FA0000BE00323FB7308E00123FB7305E00323ED
:105FB000FB7302E00323FB7300BFFB7B184614371F
:105FC000BD465DF8047B704702440346934200D10E
:105FD000704703F8011BF9E770B50D4D0D4C641BBC
:105FE000A4100026A64209D10B4D0C4C00F026F857
:105FF000641BA4100026A64205D170BD55F8043BD1
:1060000098470136EEE755F8043B98470136F2E72A
:1060100000610108006101080061010804610108D4
:106020000A44914200F1FF3300D1704710B511F8D6
:10603000014B03F8014F9142F9D110BDF8B500BFF3
:10604000F8BC08BC9E467047F8B500BFF8BC08BC59
:046050009E467047B1
:1060540000001000020000100300000001006AFBB1
:106064000B00018001020503070306020000000083
:1060740001020304010203040607080900061016BE
:1060840000061016010002000400060008000A00C1
:106094000C001000200040008000000101010103F9
:1060A40007010000080402040801010153544D33A0
:1060B40032205669727475616C20436F6D506F7233
:1060C4007400000053544D6963726F656C656374AA
:1060D400726F6E696373000043444320436F6E66BE
:1060E4006967000043444320496E746572666163C6
:0460F4006500000043
:0860F80044A2FE7F010000003C
:04610000F1020008A0
:04610400CD020008C0
:106108000100000064090024000402580400010092
:106118000000000000000000F809002400080258F0
:10612800400001000000000000000000D00800242A
:106138000000000000000001000000000000000056
:10614800FF0000004000000000000258100000009E
:106158000000000000000000000000000000000037
:106168000000000000000000000000000000000027
:106178000000000000000000000000000000000017
:106188000000000000000000000000000000000007
:1061980000000000000000000000000000000000F7
:1061A80000000000000000000000000041000000A6
:1061B80000000258800000000000000000000000FD
:1061C80000000000000000000000000000000000C7
:1061D80000000000000000000000000000000000B7
:1061E80000000000000000000000000000000000A7
:1061F8000000000000000000000000000000000097
:106208000000000000000000000000000000000086
:106218000000000044000000000002584000000098
:106228000000000000000000000000000000000066
:106238000000000000000000000000000000000056
:106248000000000000000000000000000000000046
:106258000000000000000000000000000000000036
:106268000000000000000000000000000000000026
:1062780000000000000000000000000045000000D1
:10628800000002582000000000000000000000008C
:1062980000000000000000000000000000000000F6
:1062A80000000000000000000000000000000000E6
:1062B80000000000000000000000000000000000D6
:1062C80000000000000000000000000000000000C6
:1062D80000000000000000000000000000000000B6
:1062E800000000000090D0030090D00310000000D0
:1062F800010000000A060002000000400100000042
:1063080039360108293801082D3901080000000034
:10631800533C0108E53A0108E33B0108000000008E
:106328000000000000000000393D0108C93C0108D8
:10633800A93D0108193E010809024300020100C0F5
:1063480032090400000102020100052400100105C1
:106358002401000104240202052406000107058225
:106368000308001009040100020A000000070501E3
:106378000240000007058102400000810182000000
:1063880051560108795601088956010845570108F0
:106398006D57010891570108B557010815580108AC
:1063A800D95701083D580108615801089D5801084E
:1063B800000000001201000202020040830440575E
:1063C8000002010203010000040309041A0300008B
:1063D80000000000000000000000000000000000B5
:0863E8000000000000000000AD
:04000005080054118A
:00000001FF
